element_id,node_i,node_j,element_type,tower,length,connection
0,0,3,beam_x,1,8.0,rigid
1,3,6,beam_x,1,8.0,rigid
2,6,9,beam_x,1,8.0,rigid
3,9,12,beam_x,1,8.0,rigid
4,12,15,beam_x,1,8.0,rigid
5,1,4,beam_x,1,8.0,rigid
6,4,7,beam_x,1,8.0,rigid
7,7,10,beam_x,1,8.0,rigid
8,10,13,beam_x,1,8.0,rigid
9,13,16,beam_x,1,8.0,rigid
10,2,5,beam_x,1,8.0,rigid
11,5,8,beam_x,1,8.0,rigid
12,8,11,beam_x,1,8.0,rigid
13,11,14,beam_x,1,8.0,rigid
14,14,17,beam_x,1,8.0,rigid
15,18,21,beam_x,1,8.0,rigid
16,21,24,beam_x,1,8.0,rigid
17,24,27,beam_x,1,8.0,rigid
18,27,30,beam_x,1,8.0,rigid
19,30,33,beam_x,1,8.0,rigid
20,19,22,beam_x,1,8.0,rigid
21,22,25,beam_x,1,8.0,rigid
22,25,28,beam_x,1,8.0,rigid
23,28,31,beam_x,1,8.0,rigid
24,31,34,beam_x,1,8.0,rigid
25,20,23,beam_x,1,8.0,rigid
26,23,26,beam_x,1,8.0,rigid
27,26,29,beam_x,1,8.0,rigid
28,29,32,beam_x,1,8.0,rigid
29,32,35,beam_x,1,8.0,rigid
30,36,39,beam_x,1,8.0,rigid
31,39,42,beam_x,1,8.0,rigid
32,42,45,beam_x,1,8.0,rigid
33,45,48,beam_x,1,8.0,rigid
34,48,51,beam_x,1,8.0,rigid
35,37,40,beam_x,1,8.0,rigid
36,40,43,beam_x,1,8.0,rigid
37,43,46,beam_x,1,8.0,rigid
38,46,49,beam_x,1,8.0,rigid
39,49,52,beam_x,1,8.0,rigid
40,38,41,beam_x,1,8.0,rigid
41,41,44,beam_x,1,8.0,rigid
42,44,47,beam_x,1,8.0,rigid
43,47,50,beam_x,1,8.0,rigid
44,50,53,beam_x,1,8.0,rigid
45,54,57,beam_x,1,8.0,rigid
46,57,60,beam_x,1,8.0,rigid
47,60,63,beam_x,1,8.0,rigid
48,63,66,beam_x,1,8.0,rigid
49,66,69,beam_x,1,8.0,rigid
50,55,58,beam_x,1,8.0,rigid
51,58,61,beam_x,1,8.0,rigid
52,61,64,beam_x,1,8.0,rigid
53,64,67,beam_x,1,8.0,rigid
54,67,70,beam_x,1,8.0,rigid
55,56,59,beam_x,1,8.0,rigid
56,59,62,beam_x,1,8.0,rigid
57,62,65,beam_x,1,8.0,rigid
58,65,68,beam_x,1,8.0,rigid
59,68,71,beam_x,1,8.0,rigid
60,72,75,beam_x,1,8.0,rigid
61,75,78,beam_x,1,8.0,rigid
62,78,81,beam_x,1,8.0,rigid
63,81,84,beam_x,1,8.0,rigid
64,84,87,beam_x,1,8.0,rigid
65,73,76,beam_x,1,8.0,rigid
66,76,79,beam_x,1,8.0,rigid
67,79,82,beam_x,1,8.0,rigid
68,82,85,beam_x,1,8.0,rigid
69,85,88,beam_x,1,8.0,rigid
70,74,77,beam_x,1,8.0,rigid
71,77,80,beam_x,1,8.0,rigid
72,80,83,beam_x,1,8.0,rigid
73,83,86,beam_x,1,8.0,rigid
74,86,89,beam_x,1,8.0,rigid
75,90,93,beam_x,1,8.0,rigid
76,93,96,beam_x,1,8.0,rigid
77,96,99,beam_x,1,8.0,rigid
78,99,102,beam_x,1,8.0,rigid
79,102,105,beam_x,1,8.0,rigid
80,91,94,beam_x,1,8.0,rigid
81,94,97,beam_x,1,8.0,rigid
82,97,100,beam_x,1,8.0,rigid
83,100,103,beam_x,1,8.0,rigid
84,103,106,beam_x,1,8.0,rigid
85,92,95,beam_x,1,8.0,rigid
86,95,98,beam_x,1,8.0,rigid
87,98,101,beam_x,1,8.0,rigid
88,101,104,beam_x,1,8.0,rigid
89,104,107,beam_x,1,8.0,rigid
90,108,111,beam_x,1,8.0,rigid
91,111,114,beam_x,1,8.0,rigid
92,114,117,beam_x,1,8.0,rigid
93,117,120,beam_x,1,8.0,rigid
94,120,123,beam_x,1,8.0,rigid
95,109,112,beam_x,1,8.0,rigid
96,112,115,beam_x,1,8.0,rigid
97,115,118,beam_x,1,8.0,rigid
98,118,121,beam_x,1,8.0,rigid
99,121,124,beam_x,1,8.0,rigid
100,110,113,beam_x,1,8.0,rigid
101,113,116,beam_x,1,8.0,rigid
102,116,119,beam_x,1,8.0,rigid
103,119,122,beam_x,1,8.0,rigid
104,122,125,beam_x,1,8.0,rigid
105,126,129,beam_x,1,8.0,rigid
106,129,132,beam_x,1,8.0,rigid
107,132,135,beam_x,1,8.0,rigid
108,135,138,beam_x,1,8.0,rigid
109,138,141,beam_x,1,8.0,rigid
110,127,130,beam_x,1,8.0,rigid
111,130,133,beam_x,1,8.0,rigid
112,133,136,beam_x,1,8.0,rigid
113,136,139,beam_x,1,8.0,rigid
114,139,142,beam_x,1,8.0,rigid
115,128,131,beam_x,1,8.0,rigid
116,131,134,beam_x,1,8.0,rigid
117,134,137,beam_x,1,8.0,rigid
118,137,140,beam_x,1,8.0,rigid
119,140,143,beam_x,1,8.0,rigid
120,144,147,beam_x,1,8.0,rigid
121,147,150,beam_x,1,8.0,rigid
122,150,153,beam_x,1,8.0,rigid
123,153,156,beam_x,1,8.0,rigid
124,156,159,beam_x,1,8.0,rigid
125,145,148,beam_x,1,8.0,rigid
126,148,151,beam_x,1,8.0,rigid
127,151,154,beam_x,1,8.0,rigid
128,154,157,beam_x,1,8.0,rigid
129,157,160,beam_x,1,8.0,rigid
130,146,149,beam_x,1,8.0,rigid
131,149,152,beam_x,1,8.0,rigid
132,152,155,beam_x,1,8.0,rigid
133,155,158,beam_x,1,8.0,rigid
134,158,161,beam_x,1,8.0,rigid
135,162,165,beam_x,1,8.0,rigid
136,165,168,beam_x,1,8.0,rigid
137,168,171,beam_x,1,8.0,rigid
138,171,174,beam_x,1,8.0,rigid
139,174,177,beam_x,1,8.0,rigid
140,163,166,beam_x,1,8.0,rigid
141,166,169,beam_x,1,8.0,rigid
142,169,172,beam_x,1,8.0,rigid
143,172,175,beam_x,1,8.0,rigid
144,175,178,beam_x,1,8.0,rigid
145,164,167,beam_x,1,8.0,rigid
146,167,170,beam_x,1,8.0,rigid
147,170,173,beam_x,1,8.0,rigid
148,173,176,beam_x,1,8.0,rigid
149,176,179,beam_x,1,8.0,rigid
150,180,183,beam_x,1,8.0,rigid
151,183,186,beam_x,1,8.0,rigid
152,186,189,beam_x,1,8.0,rigid
153,189,192,beam_x,1,8.0,rigid
154,192,195,beam_x,1,8.0,rigid
155,181,184,beam_x,1,8.0,rigid
156,184,187,beam_x,1,8.0,rigid
157,187,190,beam_x,1,8.0,rigid
158,190,193,beam_x,1,8.0,rigid
159,193,196,beam_x,1,8.0,rigid
160,182,185,beam_x,1,8.0,rigid
161,185,188,beam_x,1,8.0,rigid
162,188,191,beam_x,1,8.0,rigid
163,191,194,beam_x,1,8.0,rigid
164,194,197,beam_x,1,8.0,rigid
165,198,201,beam_x,1,8.0,rigid
166,201,204,beam_x,1,8.0,rigid
167,204,207,beam_x,1,8.0,rigid
168,207,210,beam_x,1,8.0,rigid
169,210,213,beam_x,1,8.0,rigid
170,199,202,beam_x,1,8.0,rigid
171,202,205,beam_x,1,8.0,rigid
172,205,208,beam_x,1,8.0,rigid
173,208,211,beam_x,1,8.0,rigid
174,211,214,beam_x,1,8.0,rigid
175,200,203,beam_x,1,8.0,rigid
176,203,206,beam_x,1,8.0,rigid
177,206,209,beam_x,1,8.0,rigid
178,209,212,beam_x,1,8.0,rigid
179,212,215,beam_x,1,8.0,rigid
180,216,219,beam_x,1,8.0,rigid
181,219,222,beam_x,1,8.0,rigid
182,222,225,beam_x,1,8.0,rigid
183,225,228,beam_x,1,8.0,rigid
184,228,231,beam_x,1,8.0,rigid
185,217,220,beam_x,1,8.0,rigid
186,220,223,beam_x,1,8.0,rigid
187,223,226,beam_x,1,8.0,rigid
188,226,229,beam_x,1,8.0,rigid
189,229,232,beam_x,1,8.0,rigid
190,218,221,beam_x,1,8.0,rigid
191,221,224,beam_x,1,8.0,rigid
192,224,227,beam_x,1,8.0,rigid
193,227,230,beam_x,1,8.0,rigid
194,230,233,beam_x,1,8.0,rigid
195,234,237,beam_x,1,7.2,rigid
196,237,240,beam_x,1,1.6,rigid
197,240,243,beam_x,1,7.2,rigid
198,235,238,beam_x,1,7.2,rigid
199,238,241,beam_x,1,1.6,rigid
200,241,244,beam_x,1,7.2,rigid
201,236,239,beam_x,1,7.2,rigid
202,239,242,beam_x,1,1.6,rigid
203,242,245,beam_x,1,7.2,rigid
204,246,249,beam_x,1,7.2,rigid
205,249,252,beam_x,1,1.6,rigid
206,252,255,beam_x,1,7.2,rigid
207,247,250,beam_x,1,7.2,rigid
208,250,253,beam_x,1,1.6,rigid
209,253,256,beam_x,1,7.2,rigid
210,248,251,beam_x,1,7.2,rigid
211,251,254,beam_x,1,1.6,rigid
212,254,257,beam_x,1,7.2,rigid
213,258,261,beam_x,1,7.2,rigid
214,261,264,beam_x,1,1.6,rigid
215,264,267,beam_x,1,7.2,rigid
216,259,262,beam_x,1,7.2,rigid
217,262,265,beam_x,1,1.6,rigid
218,265,268,beam_x,1,7.2,rigid
219,260,263,beam_x,1,7.2,rigid
220,263,266,beam_x,1,1.6,rigid
221,266,269,beam_x,1,7.2,rigid
222,270,273,beam_x,1,7.2,rigid
223,273,276,beam_x,1,1.6,rigid
224,276,279,beam_x,1,7.2,rigid
225,271,274,beam_x,1,7.2,rigid
226,274,277,beam_x,1,1.6,rigid
227,277,280,beam_x,1,7.2,rigid
228,272,275,beam_x,1,7.2,rigid
229,275,278,beam_x,1,1.6,rigid
230,278,281,beam_x,1,7.2,rigid
231,282,285,beam_x,1,7.2,rigid
232,285,288,beam_x,1,1.6,rigid
233,288,291,beam_x,1,7.2,rigid
234,283,286,beam_x,1,7.2,rigid
235,286,289,beam_x,1,1.6,rigid
236,289,292,beam_x,1,7.2,rigid
237,284,287,beam_x,1,7.2,rigid
238,287,290,beam_x,1,1.6,rigid
239,290,293,beam_x,1,7.2,rigid
240,294,297,beam_x,1,7.2,rigid
241,297,300,beam_x,1,1.6,rigid
242,300,303,beam_x,1,7.2,rigid
243,295,298,beam_x,1,7.2,rigid
244,298,301,beam_x,1,1.6,rigid
245,301,304,beam_x,1,7.2,rigid
246,296,299,beam_x,1,7.2,rigid
247,299,302,beam_x,1,1.6,rigid
248,302,305,beam_x,1,7.2,rigid
249,306,309,beam_x,1,7.2,rigid
250,309,312,beam_x,1,1.6,rigid
251,312,315,beam_x,1,7.2,rigid
252,307,310,beam_x,1,7.2,rigid
253,310,313,beam_x,1,1.6,rigid
254,313,316,beam_x,1,7.2,rigid
255,308,311,beam_x,1,7.2,rigid
256,311,314,beam_x,1,1.6,rigid
257,314,317,beam_x,1,7.2,rigid
258,318,321,beam_x,1,7.2,rigid
259,321,324,beam_x,1,1.6,rigid
260,324,327,beam_x,1,7.2,rigid
261,319,322,beam_x,1,7.2,rigid
262,322,325,beam_x,1,1.6,rigid
263,325,328,beam_x,1,7.2,rigid
264,320,323,beam_x,1,7.2,rigid
265,323,326,beam_x,1,1.6,rigid
266,326,329,beam_x,1,7.2,rigid
267,330,333,beam_x,1,7.2,rigid
268,333,336,beam_x,1,1.6,rigid
269,336,339,beam_x,1,7.2,rigid
270,331,334,beam_x,1,7.2,rigid
271,334,337,beam_x,1,1.6,rigid
272,337,340,beam_x,1,7.2,rigid
273,332,335,beam_x,1,7.2,rigid
274,335,338,beam_x,1,1.6,rigid
275,338,341,beam_x,1,7.2,rigid
276,342,345,beam_x,1,7.2,rigid
277,345,348,beam_x,1,1.6,rigid
278,348,351,beam_x,1,7.2,rigid
279,343,346,beam_x,1,7.2,rigid
280,346,349,beam_x,1,1.6,rigid
281,349,352,beam_x,1,7.2,rigid
282,344,347,beam_x,1,7.2,rigid
283,347,350,beam_x,1,1.6,rigid
284,350,353,beam_x,1,7.2,rigid
285,354,357,beam_x,1,7.2,rigid
286,357,360,beam_x,1,1.6,rigid
287,360,363,beam_x,1,7.2,rigid
288,355,358,beam_x,1,7.2,rigid
289,358,361,beam_x,1,1.6,rigid
290,361,364,beam_x,1,7.2,rigid
291,356,359,beam_x,1,7.2,rigid
292,359,362,beam_x,1,1.6,rigid
293,362,365,beam_x,1,7.2,rigid
294,366,369,beam_x,1,7.2,rigid
295,369,372,beam_x,1,1.6,rigid
296,372,375,beam_x,1,7.2,rigid
297,367,370,beam_x,1,7.2,rigid
298,370,373,beam_x,1,1.6,rigid
299,373,376,beam_x,1,7.2,rigid
300,368,371,beam_x,1,7.2,rigid
301,371,374,beam_x,1,1.6,rigid
302,374,377,beam_x,1,7.2,rigid
303,378,381,beam_x,1,7.2,rigid
304,381,384,beam_x,1,1.6,rigid
305,384,387,beam_x,1,7.2,rigid
306,379,382,beam_x,1,7.2,rigid
307,382,385,beam_x,1,1.6,rigid
308,385,388,beam_x,1,7.2,rigid
309,380,383,beam_x,1,7.2,rigid
310,383,386,beam_x,1,1.6,rigid
311,386,389,beam_x,1,7.2,rigid
312,0,1,beam_y,1,8.0,rigid
313,1,2,beam_y,1,8.0,rigid
314,3,4,beam_y,1,8.0,rigid
315,4,5,beam_y,1,8.0,rigid
316,6,7,beam_y,1,8.0,rigid
317,7,8,beam_y,1,8.0,rigid
318,9,10,beam_y,1,8.0,rigid
319,10,11,beam_y,1,8.0,rigid
320,12,13,beam_y,1,8.0,rigid
321,13,14,beam_y,1,8.0,rigid
322,15,16,beam_y,1,8.0,rigid
323,16,17,beam_y,1,8.0,rigid
324,18,19,beam_y,1,8.0,rigid
325,19,20,beam_y,1,8.0,rigid
326,21,22,beam_y,1,8.0,rigid
327,22,23,beam_y,1,8.0,rigid
328,24,25,beam_y,1,8.0,rigid
329,25,26,beam_y,1,8.0,rigid
330,27,28,beam_y,1,8.0,rigid
331,28,29,beam_y,1,8.0,rigid
332,30,31,beam_y,1,8.0,rigid
333,31,32,beam_y,1,8.0,rigid
334,33,34,beam_y,1,8.0,rigid
335,34,35,beam_y,1,8.0,rigid
336,36,37,beam_y,1,8.0,rigid
337,37,38,beam_y,1,8.0,rigid
338,39,40,beam_y,1,8.0,rigid
339,40,41,beam_y,1,8.0,rigid
340,42,43,beam_y,1,8.0,rigid
341,43,44,beam_y,1,8.0,rigid
342,45,46,beam_y,1,8.0,rigid
343,46,47,beam_y,1,8.0,rigid
344,48,49,beam_y,1,8.0,rigid
345,49,50,beam_y,1,8.0,rigid
346,51,52,beam_y,1,8.0,rigid
347,52,53,beam_y,1,8.0,rigid
348,54,55,beam_y,1,8.0,rigid
349,55,56,beam_y,1,8.0,rigid
350,57,58,beam_y,1,8.0,rigid
351,58,59,beam_y,1,8.0,rigid
352,60,61,beam_y,1,8.0,rigid
353,61,62,beam_y,1,8.0,rigid
354,63,64,beam_y,1,8.0,rigid
355,64,65,beam_y,1,8.0,rigid
356,66,67,beam_y,1,8.0,rigid
357,67,68,beam_y,1,8.0,rigid
358,69,70,beam_y,1,8.0,rigid
359,70,71,beam_y,1,8.0,rigid
360,72,73,beam_y,1,8.0,rigid
361,73,74,beam_y,1,8.0,rigid
362,75,76,beam_y,1,8.0,rigid
363,76,77,beam_y,1,8.0,rigid
364,78,79,beam_y,1,8.0,rigid
365,79,80,beam_y,1,8.0,rigid
366,81,82,beam_y,1,8.0,rigid
367,82,83,beam_y,1,8.0,rigid
368,84,85,beam_y,1,8.0,rigid
369,85,86,beam_y,1,8.0,rigid
370,87,88,beam_y,1,8.0,rigid
371,88,89,beam_y,1,8.0,rigid
372,90,91,beam_y,1,8.0,rigid
373,91,92,beam_y,1,8.0,rigid
374,93,94,beam_y,1,8.0,rigid
375,94,95,beam_y,1,8.0,rigid
376,96,97,beam_y,1,8.0,rigid
377,97,98,beam_y,1,8.0,rigid
378,99,100,beam_y,1,8.0,rigid
379,100,101,beam_y,1,8.0,rigid
380,102,103,beam_y,1,8.0,rigid
381,103,104,beam_y,1,8.0,rigid
382,105,106,beam_y,1,8.0,rigid
383,106,107,beam_y,1,8.0,rigid
384,108,109,beam_y,1,8.0,rigid
385,109,110,beam_y,1,8.0,rigid
386,111,112,beam_y,1,8.0,rigid
387,112,113,beam_y,1,8.0,rigid
388,114,115,beam_y,1,8.0,rigid
389,115,116,beam_y,1,8.0,rigid
390,117,118,beam_y,1,8.0,rigid
391,118,119,beam_y,1,8.0,rigid
392,120,121,beam_y,1,8.0,rigid
393,121,122,beam_y,1,8.0,rigid
394,123,124,beam_y,1,8.0,rigid
395,124,125,beam_y,1,8.0,rigid
396,126,127,beam_y,1,8.0,rigid
397,127,128,beam_y,1,8.0,rigid
398,129,130,beam_y,1,8.0,rigid
399,130,131,beam_y,1,8.0,rigid
400,132,133,beam_y,1,8.0,rigid
401,133,134,beam_y,1,8.0,rigid
402,135,136,beam_y,1,8.0,rigid
403,136,137,beam_y,1,8.0,rigid
404,138,139,beam_y,1,8.0,rigid
405,139,140,beam_y,1,8.0,rigid
406,141,142,beam_y,1,8.0,rigid
407,142,143,beam_y,1,8.0,rigid
408,144,145,beam_y,1,8.0,rigid
409,145,146,beam_y,1,8.0,rigid
410,147,148,beam_y,1,8.0,rigid
411,148,149,beam_y,1,8.0,rigid
412,150,151,beam_y,1,8.0,rigid
413,151,152,beam_y,1,8.0,rigid
414,153,154,beam_y,1,8.0,rigid
415,154,155,beam_y,1,8.0,rigid
416,156,157,beam_y,1,8.0,rigid
417,157,158,beam_y,1,8.0,rigid
418,159,160,beam_y,1,8.0,rigid
419,160,161,beam_y,1,8.0,rigid
420,162,163,beam_y,1,8.0,rigid
421,163,164,beam_y,1,8.0,rigid
422,165,166,beam_y,1,8.0,rigid
423,166,167,beam_y,1,8.0,rigid
424,168,169,beam_y,1,8.0,rigid
425,169,170,beam_y,1,8.0,rigid
426,171,172,beam_y,1,8.0,rigid
427,172,173,beam_y,1,8.0,rigid
428,174,175,beam_y,1,8.0,rigid
429,175,176,beam_y,1,8.0,rigid
430,177,178,beam_y,1,8.0,rigid
431,178,179,beam_y,1,8.0,rigid
432,180,181,beam_y,1,8.0,rigid
433,181,182,beam_y,1,8.0,rigid
434,183,184,beam_y,1,8.0,rigid
435,184,185,beam_y,1,8.0,rigid
436,186,187,beam_y,1,8.0,rigid
437,187,188,beam_y,1,8.0,rigid
438,189,190,beam_y,1,8.0,rigid
439,190,191,beam_y,1,8.0,rigid
440,192,193,beam_y,1,8.0,rigid
441,193,194,beam_y,1,8.0,rigid
442,195,196,beam_y,1,8.0,rigid
443,196,197,beam_y,1,8.0,rigid
444,198,199,beam_y,1,8.0,rigid
445,199,200,beam_y,1,8.0,rigid
446,201,202,beam_y,1,8.0,rigid
447,202,203,beam_y,1,8.0,rigid
448,204,205,beam_y,1,8.0,rigid
449,205,206,beam_y,1,8.0,rigid
450,207,208,beam_y,1,8.0,rigid
451,208,209,beam_y,1,8.0,rigid
452,210,211,beam_y,1,8.0,rigid
453,211,212,beam_y,1,8.0,rigid
454,213,214,beam_y,1,8.0,rigid
455,214,215,beam_y,1,8.0,rigid
456,216,217,beam_y,1,8.0,rigid
457,217,218,beam_y,1,8.0,rigid
458,219,220,beam_y,1,8.0,rigid
459,220,221,beam_y,1,8.0,rigid
460,222,223,beam_y,1,8.0,rigid
461,223,224,beam_y,1,8.0,rigid
462,225,226,beam_y,1,8.0,rigid
463,226,227,beam_y,1,8.0,rigid
464,228,229,beam_y,1,8.0,rigid
465,229,230,beam_y,1,8.0,rigid
466,231,232,beam_y,1,8.0,rigid
467,232,233,beam_y,1,8.0,rigid
468,234,235,beam_y,1,8.0,rigid
469,235,236,beam_y,1,8.0,rigid
470,237,238,beam_y,1,8.0,rigid
471,238,239,beam_y,1,8.0,rigid
472,240,241,beam_y,1,8.0,rigid
473,241,242,beam_y,1,8.0,rigid
474,243,244,beam_y,1,8.0,rigid
475,244,245,beam_y,1,8.0,rigid
476,246,247,beam_y,1,8.0,rigid
477,247,248,beam_y,1,8.0,rigid
478,249,250,beam_y,1,8.0,rigid
479,250,251,beam_y,1,8.0,rigid
480,252,253,beam_y,1,8.0,rigid
481,253,254,beam_y,1,8.0,rigid
482,255,256,beam_y,1,8.0,rigid
483,256,257,beam_y,1,8.0,rigid
484,258,259,beam_y,1,8.0,rigid
485,259,260,beam_y,1,8.0,rigid
486,261,262,beam_y,1,8.0,rigid
487,262,263,beam_y,1,8.0,rigid
488,264,265,beam_y,1,8.0,rigid
489,265,266,beam_y,1,8.0,rigid
490,267,268,beam_y,1,8.0,rigid
491,268,269,beam_y,1,8.0,rigid
492,270,271,beam_y,1,8.0,rigid
493,271,272,beam_y,1,8.0,rigid
494,273,274,beam_y,1,8.0,rigid
495,274,275,beam_y,1,8.0,rigid
496,276,277,beam_y,1,8.0,rigid
497,277,278,beam_y,1,8.0,rigid
498,279,280,beam_y,1,8.0,rigid
499,280,281,beam_y,1,8.0,rigid
500,282,283,beam_y,1,8.0,rigid
501,283,284,beam_y,1,8.0,rigid
502,285,286,beam_y,1,8.0,rigid
503,286,287,beam_y,1,8.0,rigid
504,288,289,beam_y,1,8.0,rigid
505,289,290,beam_y,1,8.0,rigid
506,291,292,beam_y,1,8.0,rigid
507,292,293,beam_y,1,8.0,rigid
508,294,295,beam_y,1,8.0,rigid
509,295,296,beam_y,1,8.0,rigid
510,297,298,beam_y,1,8.0,rigid
511,298,299,beam_y,1,8.0,rigid
512,300,301,beam_y,1,8.0,rigid
513,301,302,beam_y,1,8.0,rigid
514,303,304,beam_y,1,8.0,rigid
515,304,305,beam_y,1,8.0,rigid
516,306,307,beam_y,1,8.0,rigid
517,307,308,beam_y,1,8.0,rigid
518,309,310,beam_y,1,8.0,rigid
519,310,311,beam_y,1,8.0,rigid
520,312,313,beam_y,1,8.0,rigid
521,313,314,beam_y,1,8.0,rigid
522,315,316,beam_y,1,8.0,rigid
523,316,317,beam_y,1,8.0,rigid
524,318,319,beam_y,1,8.0,rigid
525,319,320,beam_y,1,8.0,rigid
526,321,322,beam_y,1,8.0,rigid
527,322,323,beam_y,1,8.0,rigid
528,324,325,beam_y,1,8.0,rigid
529,325,326,beam_y,1,8.0,rigid
530,327,328,beam_y,1,8.0,rigid
531,328,329,beam_y,1,8.0,rigid
532,330,331,beam_y,1,8.0,rigid
533,331,332,beam_y,1,8.0,rigid
534,333,334,beam_y,1,8.0,rigid
535,334,335,beam_y,1,8.0,rigid
536,336,337,beam_y,1,8.0,rigid
537,337,338,beam_y,1,8.0,rigid
538,339,340,beam_y,1,8.0,rigid
539,340,341,beam_y,1,8.0,rigid
540,342,343,beam_y,1,8.0,rigid
541,343,344,beam_y,1,8.0,rigid
542,345,346,beam_y,1,8.0,rigid
543,346,347,beam_y,1,8.0,rigid
544,348,349,beam_y,1,8.0,rigid
545,349,350,beam_y,1,8.0,rigid
546,351,352,beam_y,1,8.0,rigid
547,352,353,beam_y,1,8.0,rigid
548,354,355,beam_y,1,8.0,rigid
549,355,356,beam_y,1,8.0,rigid
550,357,358,beam_y,1,8.0,rigid
551,358,359,beam_y,1,8.0,rigid
552,360,361,beam_y,1,8.0,rigid
553,361,362,beam_y,1,8.0,rigid
554,363,364,beam_y,1,8.0,rigid
555,364,365,beam_y,1,8.0,rigid
556,366,367,beam_y,1,8.0,rigid
557,367,368,beam_y,1,8.0,rigid
558,369,370,beam_y,1,8.0,rigid
559,370,371,beam_y,1,8.0,rigid
560,372,373,beam_y,1,8.0,rigid
561,373,374,beam_y,1,8.0,rigid
562,375,376,beam_y,1,8.0,rigid
563,376,377,beam_y,1,8.0,rigid
564,378,379,beam_y,1,8.0,rigid
565,379,380,beam_y,1,8.0,rigid
566,381,382,beam_y,1,8.0,rigid
567,382,383,beam_y,1,8.0,rigid
568,384,385,beam_y,1,8.0,rigid
569,385,386,beam_y,1,8.0,rigid
570,387,388,beam_y,1,8.0,rigid
571,388,389,beam_y,1,8.0,rigid
572,0,18,column,1,9.0,rigid
573,1,19,column,1,9.0,rigid
574,2,20,column,1,9.0,rigid
575,3,21,column,1,9.0,rigid
576,4,22,column,1,9.0,rigid
577,5,23,column,1,9.0,rigid
578,6,24,column,1,9.0,rigid
579,7,25,column,1,9.0,rigid
580,8,26,column,1,9.0,rigid
581,9,27,column,1,9.0,rigid
582,10,28,column,1,9.0,rigid
583,11,29,column,1,9.0,rigid
584,12,30,column,1,9.0,rigid
585,13,31,column,1,9.0,rigid
586,14,32,column,1,9.0,rigid
587,15,33,column,1,9.0,rigid
588,16,34,column,1,9.0,rigid
589,17,35,column,1,9.0,rigid
590,18,36,column,1,6.0,rigid
591,19,37,column,1,6.0,rigid
592,20,38,column,1,6.0,rigid
593,21,39,column,1,6.0,rigid
594,22,40,column,1,6.0,rigid
595,23,41,column,1,6.0,rigid
596,24,42,column,1,6.0,rigid
597,25,43,column,1,6.0,rigid
598,26,44,column,1,6.0,rigid
599,27,45,column,1,6.0,rigid
600,28,46,column,1,6.0,rigid
601,29,47,column,1,6.0,rigid
602,30,48,column,1,6.0,rigid
603,31,49,column,1,6.0,rigid
604,32,50,column,1,6.0,rigid
605,33,51,column,1,6.0,rigid
606,34,52,column,1,6.0,rigid
607,35,53,column,1,6.0,rigid
608,36,54,column,1,6.0,rigid
609,37,55,column,1,6.0,rigid
610,38,56,column,1,6.0,rigid
611,39,57,column,1,6.0,rigid
612,40,58,column,1,6.0,rigid
613,41,59,column,1,6.0,rigid
614,42,60,column,1,6.0,rigid
615,43,61,column,1,6.0,rigid
616,44,62,column,1,6.0,rigid
617,45,63,column,1,6.0,rigid
618,46,64,column,1,6.0,rigid
619,47,65,column,1,6.0,rigid
620,48,66,column,1,6.0,rigid
621,49,67,column,1,6.0,rigid
622,50,68,column,1,6.0,rigid
623,51,69,column,1,6.0,rigid
624,52,70,column,1,6.0,rigid
625,53,71,column,1,6.0,rigid
626,54,72,column,1,6.0,rigid
627,55,73,column,1,6.0,rigid
628,56,74,column,1,6.0,rigid
629,57,75,column,1,6.0,rigid
630,58,76,column,1,6.0,rigid
631,59,77,column,1,6.0,rigid
632,60,78,column,1,6.0,rigid
633,61,79,column,1,6.0,rigid
634,62,80,column,1,6.0,rigid
635,63,81,column,1,6.0,rigid
636,64,82,column,1,6.0,rigid
637,65,83,column,1,6.0,rigid
638,66,84,column,1,6.0,rigid
639,67,85,column,1,6.0,rigid
640,68,86,column,1,6.0,rigid
641,69,87,column,1,6.0,rigid
642,70,88,column,1,6.0,rigid
643,71,89,column,1,6.0,rigid
644,72,90,column,1,6.0,rigid
645,73,91,column,1,6.0,rigid
646,74,92,column,1,6.0,rigid
647,75,93,column,1,6.0,rigid
648,76,94,column,1,6.0,rigid
649,77,95,column,1,6.0,rigid
650,78,96,column,1,6.0,rigid
651,79,97,column,1,6.0,rigid
652,80,98,column,1,6.0,rigid
653,81,99,column,1,6.0,rigid
654,82,100,column,1,6.0,rigid
655,83,101,column,1,6.0,rigid
656,84,102,column,1,6.0,rigid
657,85,103,column,1,6.0,rigid
658,86,104,column,1,6.0,rigid
659,87,105,column,1,6.0,rigid
660,88,106,column,1,6.0,rigid
661,89,107,column,1,6.0,rigid
662,90,108,column,1,6.0,rigid
663,91,109,column,1,6.0,rigid
664,92,110,column,1,6.0,rigid
665,93,111,column,1,6.0,rigid
666,94,112,column,1,6.0,rigid
667,95,113,column,1,6.0,rigid
668,96,114,column,1,6.0,rigid
669,97,115,column,1,6.0,rigid
670,98,116,column,1,6.0,rigid
671,99,117,column,1,6.0,rigid
672,100,118,column,1,6.0,rigid
673,101,119,column,1,6.0,rigid
674,102,120,column,1,6.0,rigid
675,103,121,column,1,6.0,rigid
676,104,122,column,1,6.0,rigid
677,105,123,column,1,6.0,rigid
678,106,124,column,1,6.0,rigid
679,107,125,column,1,6.0,rigid
680,108,126,column,1,6.0,rigid
681,109,127,column,1,6.0,rigid
682,110,128,column,1,6.0,rigid
683,111,129,column,1,6.0,rigid
684,112,130,column,1,6.0,rigid
685,113,131,column,1,6.0,rigid
686,114,132,column,1,6.0,rigid
687,115,133,column,1,6.0,rigid
688,116,134,column,1,6.0,rigid
689,117,135,column,1,6.0,rigid
690,118,136,column,1,6.0,rigid
691,119,137,column,1,6.0,rigid
692,120,138,column,1,6.0,rigid
693,121,139,column,1,6.0,rigid
694,122,140,column,1,6.0,rigid
695,123,141,column,1,6.0,rigid
696,124,142,column,1,6.0,rigid
697,125,143,column,1,6.0,rigid
698,126,144,column,1,6.0,rigid
699,127,145,column,1,6.0,rigid
700,128,146,column,1,6.0,rigid
701,129,147,column,1,6.0,rigid
702,130,148,column,1,6.0,rigid
703,131,149,column,1,6.0,rigid
704,132,150,column,1,6.0,rigid
705,133,151,column,1,6.0,rigid
706,134,152,column,1,6.0,rigid
707,135,153,column,1,6.0,rigid
708,136,154,column,1,6.0,rigid
709,137,155,column,1,6.0,rigid
710,138,156,column,1,6.0,rigid
711,139,157,column,1,6.0,rigid
712,140,158,column,1,6.0,rigid
713,141,159,column,1,6.0,rigid
714,142,160,column,1,6.0,rigid
715,143,161,column,1,6.0,rigid
716,144,162,column,1,6.0,rigid
717,145,163,column,1,6.0,rigid
718,146,164,column,1,6.0,rigid
719,147,165,column,1,6.0,rigid
720,148,166,column,1,6.0,rigid
721,149,167,column,1,6.0,rigid
722,150,168,column,1,6.0,rigid
723,151,169,column,1,6.0,rigid
724,152,170,column,1,6.0,rigid
725,153,171,column,1,6.0,rigid
726,154,172,column,1,6.0,rigid
727,155,173,column,1,6.0,rigid
728,156,174,column,1,6.0,rigid
729,157,175,column,1,6.0,rigid
730,158,176,column,1,6.0,rigid
731,159,177,column,1,6.0,rigid
732,160,178,column,1,6.0,rigid
733,161,179,column,1,6.0,rigid
734,162,180,column,1,6.0,rigid
735,163,181,column,1,6.0,rigid
736,164,182,column,1,6.0,rigid
737,165,183,column,1,6.0,rigid
738,166,184,column,1,6.0,rigid
739,167,185,column,1,6.0,rigid
740,168,186,column,1,6.0,rigid
741,169,187,column,1,6.0,rigid
742,170,188,column,1,6.0,rigid
743,171,189,column,1,6.0,rigid
744,172,190,column,1,6.0,rigid
745,173,191,column,1,6.0,rigid
746,174,192,column,1,6.0,rigid
747,175,193,column,1,6.0,rigid
748,176,194,column,1,6.0,rigid
749,177,195,column,1,6.0,rigid
750,178,196,column,1,6.0,rigid
751,179,197,column,1,6.0,rigid
752,180,198,column,1,6.0,rigid
753,181,199,column,1,6.0,rigid
754,182,200,column,1,6.0,rigid
755,183,201,column,1,6.0,rigid
756,184,202,column,1,6.0,rigid
757,185,203,column,1,6.0,rigid
758,186,204,column,1,6.0,rigid
759,187,205,column,1,6.0,rigid
760,188,206,column,1,6.0,rigid
761,189,207,column,1,6.0,rigid
762,190,208,column,1,6.0,rigid
763,191,209,column,1,6.0,rigid
764,192,210,column,1,6.0,rigid
765,193,211,column,1,6.0,rigid
766,194,212,column,1,6.0,rigid
767,195,213,column,1,6.0,rigid
768,196,214,column,1,6.0,rigid
769,197,215,column,1,6.0,rigid
770,198,216,column,1,6.0,rigid
771,199,217,column,1,6.0,rigid
772,200,218,column,1,6.0,rigid
773,201,219,column,1,6.0,rigid
774,202,220,column,1,6.0,rigid
775,203,221,column,1,6.0,rigid
776,204,222,column,1,6.0,rigid
777,205,223,column,1,6.0,rigid
778,206,224,column,1,6.0,rigid
779,207,225,column,1,6.0,rigid
780,208,226,column,1,6.0,rigid
781,209,227,column,1,6.0,rigid
782,210,228,column,1,6.0,rigid
783,211,229,column,1,6.0,rigid
784,212,230,column,1,6.0,rigid
785,213,231,column,1,6.0,rigid
786,214,232,column,1,6.0,rigid
787,215,233,column,1,6.0,rigid
788,234,246,column,1,6.0,rigid
789,235,247,column,1,6.0,rigid
790,236,248,column,1,6.0,rigid
791,237,249,column,1,6.0,rigid
792,238,250,column,1,6.0,rigid
793,239,251,column,1,6.0,rigid
794,240,252,column,1,6.0,rigid
795,241,253,column,1,6.0,rigid
796,242,254,column,1,6.0,rigid
797,243,255,column,1,6.0,rigid
798,244,256,column,1,6.0,rigid
799,245,257,column,1,6.0,rigid
800,246,258,column,1,6.0,rigid
801,247,259,column,1,6.0,rigid
802,248,260,column,1,6.0,rigid
803,249,261,column,1,6.0,rigid
804,250,262,column,1,6.0,rigid
805,251,263,column,1,6.0,rigid
806,252,264,column,1,6.0,rigid
807,253,265,column,1,6.0,rigid
808,254,266,column,1,6.0,rigid
809,255,267,column,1,6.0,rigid
810,256,268,column,1,6.0,rigid
811,257,269,column,1,6.0,rigid
812,258,270,column,1,6.0,rigid
813,259,271,column,1,6.0,rigid
814,260,272,column,1,6.0,rigid
815,261,273,column,1,6.0,rigid
816,262,274,column,1,6.0,rigid
817,263,275,column,1,6.0,rigid
818,264,276,column,1,6.0,rigid
819,265,277,column,1,6.0,rigid
820,266,278,column,1,6.0,rigid
821,267,279,column,1,6.0,rigid
822,268,280,column,1,6.0,rigid
823,269,281,column,1,6.0,rigid
824,270,282,column,1,6.0,rigid
825,271,283,column,1,6.0,rigid
826,272,284,column,1,6.0,rigid
827,273,285,column,1,6.0,rigid
828,274,286,column,1,6.0,rigid
829,275,287,column,1,6.0,rigid
830,276,288,column,1,6.0,rigid
831,277,289,column,1,6.0,rigid
832,278,290,column,1,6.0,rigid
833,279,291,column,1,6.0,rigid
834,280,292,column,1,6.0,rigid
835,281,293,column,1,6.0,rigid
836,282,294,column,1,6.0,rigid
837,283,295,column,1,6.0,rigid
838,284,296,column,1,6.0,rigid
839,285,297,column,1,6.0,rigid
840,286,298,column,1,6.0,rigid
841,287,299,column,1,6.0,rigid
842,288,300,column,1,6.0,rigid
843,289,301,column,1,6.0,rigid
844,290,302,column,1,6.0,rigid
845,291,303,column,1,6.0,rigid
846,292,304,column,1,6.0,rigid
847,293,305,column,1,6.0,rigid
848,294,306,column,1,6.0,rigid
849,295,307,column,1,6.0,rigid
850,296,308,column,1,6.0,rigid
851,297,309,column,1,6.0,rigid
852,298,310,column,1,6.0,rigid
853,299,311,column,1,6.0,rigid
854,300,312,column,1,6.0,rigid
855,301,313,column,1,6.0,rigid
856,302,314,column,1,6.0,rigid
857,303,315,column,1,6.0,rigid
858,304,316,column,1,6.0,rigid
859,305,317,column,1,6.0,rigid
860,306,318,column,1,6.0,rigid
861,307,319,column,1,6.0,rigid
862,308,320,column,1,6.0,rigid
863,309,321,column,1,6.0,rigid
864,310,322,column,1,6.0,rigid
865,311,323,column,1,6.0,rigid
866,312,324,column,1,6.0,rigid
867,313,325,column,1,6.0,rigid
868,314,326,column,1,6.0,rigid
869,315,327,column,1,6.0,rigid
870,316,328,column,1,6.0,rigid
871,317,329,column,1,6.0,rigid
872,318,330,column,1,6.0,rigid
873,319,331,column,1,6.0,rigid
874,320,332,column,1,6.0,rigid
875,321,333,column,1,6.0,rigid
876,322,334,column,1,6.0,rigid
877,323,335,column,1,6.0,rigid
878,324,336,column,1,6.0,rigid
879,325,337,column,1,6.0,rigid
880,326,338,column,1,6.0,rigid
881,327,339,column,1,6.0,rigid
882,328,340,column,1,6.0,rigid
883,329,341,column,1,6.0,rigid
884,330,342,column,1,6.0,rigid
885,331,343,column,1,6.0,rigid
886,332,344,column,1,6.0,rigid
887,333,345,column,1,6.0,rigid
888,334,346,column,1,6.0,rigid
889,335,347,column,1,6.0,rigid
890,336,348,column,1,6.0,rigid
891,337,349,column,1,6.0,rigid
892,338,350,column,1,6.0,rigid
893,339,351,column,1,6.0,rigid
894,340,352,column,1,6.0,rigid
895,341,353,column,1,6.0,rigid
896,342,354,column,1,6.0,rigid
897,343,355,column,1,6.0,rigid
898,344,356,column,1,6.0,rigid
899,345,357,column,1,6.0,rigid
900,346,358,column,1,6.0,rigid
901,347,359,column,1,6.0,rigid
902,348,360,column,1,6.0,rigid
903,349,361,column,1,6.0,rigid
904,350,362,column,1,6.0,rigid
905,351,363,column,1,6.0,rigid
906,352,364,column,1,6.0,rigid
907,353,365,column,1,6.0,rigid
908,354,366,column,1,6.0,rigid
909,355,367,column,1,6.0,rigid
910,356,368,column,1,6.0,rigid
911,357,369,column,1,6.0,rigid
912,358,370,column,1,6.0,rigid
913,359,371,column,1,6.0,rigid
914,360,372,column,1,6.0,rigid
915,361,373,column,1,6.0,rigid
916,362,374,column,1,6.0,rigid
917,363,375,column,1,6.0,rigid
918,364,376,column,1,6.0,rigid
919,365,377,column,1,6.0,rigid
920,366,378,column,1,6.0,rigid
921,367,379,column,1,6.0,rigid
922,368,380,column,1,6.0,rigid
923,369,381,column,1,6.0,rigid
924,370,382,column,1,6.0,rigid
925,371,383,column,1,6.0,rigid
926,372,384,column,1,6.0,rigid
927,373,385,column,1,6.0,rigid
928,374,386,column,1,6.0,rigid
929,375,387,column,1,6.0,rigid
930,376,388,column,1,6.0,rigid
931,377,389,column,1,6.0,rigid
932,0,21,brace_xz,1,12.0416,rigid
933,3,18,brace_xz,1,12.0416,rigid
934,3,24,brace_xz,1,12.0416,rigid
935,6,21,brace_xz,1,12.0416,rigid
936,6,27,brace_xz,1,12.0416,rigid
937,9,24,brace_xz,1,12.0416,rigid
938,9,30,brace_xz,1,12.0416,rigid
939,12,27,brace_xz,1,12.0416,rigid
940,12,33,brace_xz,1,12.0416,rigid
941,15,30,brace_xz,1,12.0416,rigid
942,1,22,brace_xz,1,12.0416,rigid
943,4,19,brace_xz,1,12.0416,rigid
944,4,25,brace_xz,1,12.0416,rigid
945,7,22,brace_xz,1,12.0416,rigid
946,7,28,brace_xz,1,12.0416,rigid
947,10,25,brace_xz,1,12.0416,rigid
948,10,31,brace_xz,1,12.0416,rigid
949,13,28,brace_xz,1,12.0416,rigid
950,13,34,brace_xz,1,12.0416,rigid
951,16,31,brace_xz,1,12.0416,rigid
952,2,23,brace_xz,1,12.0416,rigid
953,5,20,brace_xz,1,12.0416,rigid
954,5,26,brace_xz,1,12.0416,rigid
955,8,23,brace_xz,1,12.0416,rigid
956,8,29,brace_xz,1,12.0416,rigid
957,11,26,brace_xz,1,12.0416,rigid
958,11,32,brace_xz,1,12.0416,rigid
959,14,29,brace_xz,1,12.0416,rigid
960,14,35,brace_xz,1,12.0416,rigid
961,17,32,brace_xz,1,12.0416,rigid
962,0,19,brace_yz,1,12.0416,rigid
963,1,18,brace_yz,1,12.0416,rigid
964,1,20,brace_yz,1,12.0416,rigid
965,2,19,brace_yz,1,12.0416,rigid
966,3,22,brace_yz,1,12.0416,rigid
967,4,21,brace_yz,1,12.0416,rigid
968,4,23,brace_yz,1,12.0416,rigid
969,5,22,brace_yz,1,12.0416,rigid
970,6,25,brace_yz,1,12.0416,rigid
971,7,24,brace_yz,1,12.0416,rigid
972,7,26,brace_yz,1,12.0416,rigid
973,8,25,brace_yz,1,12.0416,rigid
974,9,28,brace_yz,1,12.0416,rigid
975,10,27,brace_yz,1,12.0416,rigid
976,10,29,brace_yz,1,12.0416,rigid
977,11,28,brace_yz,1,12.0416,rigid
978,12,31,brace_yz,1,12.0416,rigid
979,13,30,brace_yz,1,12.0416,rigid
980,13,32,brace_yz,1,12.0416,rigid
981,14,31,brace_yz,1,12.0416,rigid
982,15,34,brace_yz,1,12.0416,rigid
983,16,33,brace_yz,1,12.0416,rigid
984,16,35,brace_yz,1,12.0416,rigid
985,17,34,brace_yz,1,12.0416,rigid
986,39,78,brace_xz,1,14.4222,rigid
987,42,75,brace_xz,1,14.4222,rigid
988,45,84,brace_xz,1,14.4222,rigid
989,48,81,brace_xz,1,14.4222,rigid
990,37,76,brace_xz,1,14.4222,rigid
991,40,73,brace_xz,1,14.4222,rigid
992,43,82,brace_xz,1,14.4222,rigid
993,46,79,brace_xz,1,14.4222,rigid
994,49,88,brace_xz,1,14.4222,rigid
995,52,85,brace_xz,1,14.4222,rigid
996,41,80,brace_xz,1,14.4222,rigid
997,44,77,brace_xz,1,14.4222,rigid
998,47,86,brace_xz,1,14.4222,rigid
999,50,83,brace_xz,1,14.4222,rigid
1000,72,111,brace_xz,1,14.4222,rigid
1001,75,108,brace_xz,1,14.4222,rigid
1002,78,117,brace_xz,1,14.4222,rigid
1003,81,114,brace_xz,1,14.4222,rigid
1004,84,123,brace_xz,1,14.4222,rigid
1005,87,120,brace_xz,1,14.4222,rigid
1006,76,115,brace_xz,1,14.4222,rigid
1007,79,112,brace_xz,1,14.4222,rigid
1008,82,121,brace_xz,1,14.4222,rigid
1009,85,118,brace_xz,1,14.4222,rigid
1010,74,113,brace_xz,1,14.4222,rigid
1011,77,110,brace_xz,1,14.4222,rigid
1012,80,119,brace_xz,1,14.4222,rigid
1013,83,116,brace_xz,1,14.4222,rigid
1014,86,125,brace_xz,1,14.4222,rigid
1015,89,122,brace_xz,1,14.4222,rigid
1016,111,150,brace_xz,1,14.4222,rigid
1017,114,147,brace_xz,1,14.4222,rigid
1018,117,156,brace_xz,1,14.4222,rigid
1019,120,153,brace_xz,1,14.4222,rigid
1020,109,148,brace_xz,1,14.4222,rigid
1021,112,145,brace_xz,1,14.4222,rigid
1022,115,154,brace_xz,1,14.4222,rigid
1023,118,151,brace_xz,1,14.4222,rigid
1024,121,160,brace_xz,1,14.4222,rigid
1025,124,157,brace_xz,1,14.4222,rigid
1026,113,152,brace_xz,1,14.4222,rigid
1027,116,149,brace_xz,1,14.4222,rigid
1028,119,158,brace_xz,1,14.4222,rigid
1029,122,155,brace_xz,1,14.4222,rigid
1030,144,183,brace_xz,1,14.4222,rigid
1031,147,180,brace_xz,1,14.4222,rigid
1032,150,189,brace_xz,1,14.4222,rigid
1033,153,186,brace_xz,1,14.4222,rigid
1034,156,195,brace_xz,1,14.4222,rigid
1035,159,192,brace_xz,1,14.4222,rigid
1036,148,187,brace_xz,1,14.4222,rigid
1037,151,184,brace_xz,1,14.4222,rigid
1038,154,193,brace_xz,1,14.4222,rigid
1039,157,190,brace_xz,1,14.4222,rigid
1040,146,185,brace_xz,1,14.4222,rigid
1041,149,182,brace_xz,1,14.4222,rigid
1042,152,191,brace_xz,1,14.4222,rigid
1043,155,188,brace_xz,1,14.4222,rigid
1044,158,197,brace_xz,1,14.4222,rigid
1045,161,194,brace_xz,1,14.4222,rigid
1046,183,222,brace_xz,1,14.4222,rigid
1047,186,219,brace_xz,1,14.4222,rigid
1048,189,228,brace_xz,1,14.4222,rigid
1049,192,225,brace_xz,1,14.4222,rigid
1050,181,220,brace_xz,1,14.4222,rigid
1051,184,217,brace_xz,1,14.4222,rigid
1052,187,226,brace_xz,1,14.4222,rigid
1053,190,223,brace_xz,1,14.4222,rigid
1054,193,232,brace_xz,1,14.4222,rigid
1055,196,229,brace_xz,1,14.4222,rigid
1056,185,224,brace_xz,1,14.4222,rigid
1057,188,221,brace_xz,1,14.4222,rigid
1058,191,230,brace_xz,1,14.4222,rigid
1059,194,227,brace_xz,1,14.4222,rigid
1060,246,273,brace_xz,1,13.9943,rigid
1061,249,270,brace_xz,1,13.9943,rigid
1062,252,279,brace_xz,1,13.9943,rigid
1063,255,276,brace_xz,1,13.9943,rigid
1064,247,274,brace_xz,1,13.9943,rigid
1065,250,271,brace_xz,1,13.9943,rigid
1066,253,280,brace_xz,1,13.9943,rigid
1067,256,277,brace_xz,1,13.9943,rigid
1068,248,275,brace_xz,1,13.9943,rigid
1069,251,272,brace_xz,1,13.9943,rigid
1070,254,281,brace_xz,1,13.9943,rigid
1071,257,278,brace_xz,1,13.9943,rigid
1072,270,297,brace_xz,1,13.9943,rigid
1073,273,294,brace_xz,1,13.9943,rigid
1074,276,303,brace_xz,1,13.9943,rigid
1075,279,300,brace_xz,1,13.9943,rigid
1076,271,298,brace_xz,1,13.9943,rigid
1077,274,295,brace_xz,1,13.9943,rigid
1078,277,304,brace_xz,1,13.9943,rigid
1079,280,301,brace_xz,1,13.9943,rigid
1080,272,299,brace_xz,1,13.9943,rigid
1081,275,296,brace_xz,1,13.9943,rigid
1082,278,305,brace_xz,1,13.9943,rigid
1083,281,302,brace_xz,1,13.9943,rigid
1084,294,321,brace_xz,1,13.9943,rigid
1085,297,318,brace_xz,1,13.9943,rigid
1086,300,327,brace_xz,1,13.9943,rigid
1087,303,324,brace_xz,1,13.9943,rigid
1088,295,322,brace_xz,1,13.9943,rigid
1089,298,319,brace_xz,1,13.9943,rigid
1090,301,328,brace_xz,1,13.9943,rigid
1091,304,325,brace_xz,1,13.9943,rigid
1092,296,323,brace_xz,1,13.9943,rigid
1093,299,320,brace_xz,1,13.9943,rigid
1094,302,329,brace_xz,1,13.9943,rigid
1095,305,326,brace_xz,1,13.9943,rigid
1096,318,345,brace_xz,1,13.9943,rigid
1097,321,342,brace_xz,1,13.9943,rigid
1098,324,351,brace_xz,1,13.9943,rigid
1099,327,348,brace_xz,1,13.9943,rigid
1100,319,346,brace_xz,1,13.9943,rigid
1101,322,343,brace_xz,1,13.9943,rigid
1102,325,352,brace_xz,1,13.9943,rigid
1103,328,349,brace_xz,1,13.9943,rigid
1104,320,347,brace_xz,1,13.9943,rigid
1105,323,344,brace_xz,1,13.9943,rigid
1106,326,353,brace_xz,1,13.9943,rigid
1107,329,350,brace_xz,1,13.9943,rigid
1108,342,369,brace_xz,1,13.9943,rigid
1109,345,366,brace_xz,1,13.9943,rigid
1110,348,375,brace_xz,1,13.9943,rigid
1111,351,372,brace_xz,1,13.9943,rigid
1112,343,370,brace_xz,1,13.9943,rigid
1113,346,367,brace_xz,1,13.9943,rigid
1114,349,376,brace_xz,1,13.9943,rigid
1115,352,373,brace_xz,1,13.9943,rigid
1116,344,371,brace_xz,1,13.9943,rigid
1117,347,368,brace_xz,1,13.9943,rigid
1118,350,377,brace_xz,1,13.9943,rigid
1119,353,374,brace_xz,1,13.9943,rigid
1120,36,73,brace_yz,1,14.4222,rigid
1121,37,72,brace_yz,1,14.4222,rigid
1122,37,74,brace_yz,1,14.4222,rigid
1123,38,73,brace_yz,1,14.4222,rigid
1124,51,88,brace_yz,1,14.4222,rigid
1125,52,87,brace_yz,1,14.4222,rigid
1126,52,89,brace_yz,1,14.4222,rigid
1127,53,88,brace_yz,1,14.4222,rigid
1128,72,109,brace_yz,1,14.4222,rigid
1129,73,108,brace_yz,1,14.4222,rigid
1130,73,110,brace_yz,1,14.4222,rigid
1131,74,109,brace_yz,1,14.4222,rigid
1132,87,124,brace_yz,1,14.4222,rigid
1133,88,123,brace_yz,1,14.4222,rigid
1134,88,125,brace_yz,1,14.4222,rigid
1135,89,124,brace_yz,1,14.4222,rigid
1136,108,145,brace_yz,1,14.4222,rigid
1137,109,144,brace_yz,1,14.4222,rigid
1138,109,146,brace_yz,1,14.4222,rigid
1139,110,145,brace_yz,1,14.4222,rigid
1140,123,160,brace_yz,1,14.4222,rigid
1141,124,159,brace_yz,1,14.4222,rigid
1142,124,161,brace_yz,1,14.4222,rigid
1143,125,160,brace_yz,1,14.4222,rigid
1144,144,181,brace_yz,1,14.4222,rigid
1145,145,180,brace_yz,1,14.4222,rigid
1146,145,182,brace_yz,1,14.4222,rigid
1147,146,181,brace_yz,1,14.4222,rigid
1148,159,196,brace_yz,1,14.4222,rigid
1149,160,195,brace_yz,1,14.4222,rigid
1150,160,197,brace_yz,1,14.4222,rigid
1151,161,196,brace_yz,1,14.4222,rigid
1152,180,217,brace_yz,1,14.4222,rigid
1153,181,216,brace_yz,1,14.4222,rigid
1154,181,218,brace_yz,1,14.4222,rigid
1155,182,217,brace_yz,1,14.4222,rigid
1156,195,232,brace_yz,1,14.4222,rigid
1157,196,231,brace_yz,1,14.4222,rigid
1158,196,233,brace_yz,1,14.4222,rigid
1159,197,232,brace_yz,1,14.4222,rigid
1160,270,295,brace_yz,1,14.4222,rigid
1161,271,294,brace_yz,1,14.4222,rigid
1162,271,296,brace_yz,1,14.4222,rigid
1163,272,295,brace_yz,1,14.4222,rigid
1164,279,304,brace_yz,1,14.4222,rigid
1165,280,303,brace_yz,1,14.4222,rigid
1166,280,305,brace_yz,1,14.4222,rigid
1167,281,304,brace_yz,1,14.4222,rigid
1168,318,343,brace_yz,1,14.4222,rigid
1169,319,342,brace_yz,1,14.4222,rigid
1170,319,344,brace_yz,1,14.4222,rigid
1171,320,343,brace_yz,1,14.4222,rigid
1172,327,352,brace_yz,1,14.4222,rigid
1173,328,351,brace_yz,1,14.4222,rigid
1174,328,353,brace_yz,1,14.4222,rigid
1175,329,352,brace_yz,1,14.4222,rigid
1176,261,274,core_wall,1,10.0,rigid
1177,262,273,core_wall,1,10.0,rigid
1178,262,275,core_wall,1,10.0,rigid
1179,263,274,core_wall,1,10.0,rigid
1180,264,277,core_wall,1,10.0,rigid
1181,265,276,core_wall,1,10.0,rigid
1182,265,278,core_wall,1,10.0,rigid
1183,266,277,core_wall,1,10.0,rigid
1184,297,310,core_wall,1,10.0,rigid
1185,298,309,core_wall,1,10.0,rigid
1186,298,311,core_wall,1,10.0,rigid
1187,299,310,core_wall,1,10.0,rigid
1188,300,313,core_wall,1,10.0,rigid
1189,301,312,core_wall,1,10.0,rigid
1190,301,314,core_wall,1,10.0,rigid
1191,302,313,core_wall,1,10.0,rigid
1192,333,346,core_wall,1,10.0,rigid
1193,334,345,core_wall,1,10.0,rigid
1194,334,347,core_wall,1,10.0,rigid
1195,335,346,core_wall,1,10.0,rigid
1196,336,349,core_wall,1,10.0,rigid
1197,337,348,core_wall,1,10.0,rigid
1198,337,350,core_wall,1,10.0,rigid
1199,338,349,core_wall,1,10.0,rigid
1200,369,382,core_wall,1,10.0,rigid
1201,370,381,core_wall,1,10.0,rigid
1202,370,383,core_wall,1,10.0,rigid
1203,371,382,core_wall,1,10.0,rigid
1204,372,385,core_wall,1,10.0,rigid
1205,373,384,core_wall,1,10.0,rigid
1206,373,386,core_wall,1,10.0,rigid
1207,374,385,core_wall,1,10.0,rigid
1208,6,25,core_wall,1,12.0416,rigid
1209,7,24,core_wall,1,12.0416,rigid
1210,7,26,core_wall,1,12.0416,rigid
1211,8,25,core_wall,1,12.0416,rigid
1212,9,28,core_wall,1,12.0416,rigid
1213,10,27,core_wall,1,12.0416,rigid
1214,10,29,core_wall,1,12.0416,rigid
1215,11,28,core_wall,1,12.0416,rigid
1216,60,79,core_wall,1,10.0,rigid
1217,61,78,core_wall,1,10.0,rigid
1218,61,80,core_wall,1,10.0,rigid
1219,62,79,core_wall,1,10.0,rigid
1220,63,82,core_wall,1,10.0,rigid
1221,64,81,core_wall,1,10.0,rigid
1222,64,83,core_wall,1,10.0,rigid
1223,65,82,core_wall,1,10.0,rigid
1224,114,133,core_wall,1,10.0,rigid
1225,115,132,core_wall,1,10.0,rigid
1226,115,134,core_wall,1,10.0,rigid
1227,116,133,core_wall,1,10.0,rigid
1228,117,136,core_wall,1,10.0,rigid
1229,118,135,core_wall,1,10.0,rigid
1230,118,137,core_wall,1,10.0,rigid
1231,119,136,core_wall,1,10.0,rigid
1232,168,187,core_wall,1,10.0,rigid
1233,169,186,core_wall,1,10.0,rigid
1234,169,188,core_wall,1,10.0,rigid
1235,170,187,core_wall,1,10.0,rigid
1236,171,190,core_wall,1,10.0,rigid
1237,172,189,core_wall,1,10.0,rigid
1238,172,191,core_wall,1,10.0,rigid
1239,173,190,core_wall,1,10.0,rigid
1240,366,381,shear_wall_xz,1,9.3723,rigid
1241,369,378,shear_wall_xz,1,9.3723,rigid
1242,368,383,shear_wall_xz,1,9.3723,rigid
1243,371,380,shear_wall_xz,1,9.3723,rigid
1244,372,387,shear_wall_xz,1,9.3723,rigid
1245,375,384,shear_wall_xz,1,9.3723,rigid
1246,374,389,shear_wall_xz,1,9.3723,rigid
1247,377,386,shear_wall_xz,1,9.3723,rigid
1248,0,4,brace_floor,1,11.3137,rigid
1249,3,1,brace_floor,1,11.3137,rigid
1250,4,8,brace_floor,1,11.3137,rigid
1251,7,5,brace_floor,1,11.3137,rigid
1252,6,10,brace_floor,1,11.3137,rigid
1253,9,7,brace_floor,1,11.3137,rigid
1254,10,14,brace_floor,1,11.3137,rigid
1255,13,11,brace_floor,1,11.3137,rigid
1256,12,16,brace_floor,1,11.3137,rigid
1257,15,13,brace_floor,1,11.3137,rigid
1258,108,112,brace_floor,1,11.3137,rigid
1259,111,109,brace_floor,1,11.3137,rigid
1260,112,116,brace_floor,1,11.3137,rigid
1261,115,113,brace_floor,1,11.3137,rigid
1262,114,118,brace_floor,1,11.3137,rigid
1263,117,115,brace_floor,1,11.3137,rigid
1264,118,122,brace_floor,1,11.3137,rigid
1265,121,119,brace_floor,1,11.3137,rigid
1266,120,124,brace_floor,1,11.3137,rigid
1267,123,121,brace_floor,1,11.3137,rigid
1268,216,220,brace_floor,1,11.3137,rigid
1269,219,217,brace_floor,1,11.3137,rigid
1270,220,224,brace_floor,1,11.3137,rigid
1271,223,221,brace_floor,1,11.3137,rigid
1272,222,226,brace_floor,1,11.3137,rigid
1273,225,223,brace_floor,1,11.3137,rigid
1274,226,230,brace_floor,1,11.3137,rigid
1275,229,227,brace_floor,1,11.3137,rigid
1276,228,232,brace_floor,1,11.3137,rigid
1277,231,229,brace_floor,1,11.3137,rigid
1278,294,298,brace_floor,1,10.7629,rigid
1279,297,295,brace_floor,1,10.7629,rigid
1280,298,302,brace_floor,1,8.1584,rigid
1281,301,299,brace_floor,1,8.1584,rigid
1282,300,304,brace_floor,1,10.7629,rigid
1283,303,301,brace_floor,1,10.7629,rigid
1284,366,370,brace_floor,1,10.7629,rigid
1285,369,367,brace_floor,1,10.7629,rigid
1286,370,374,brace_floor,1,8.1584,rigid
1287,373,371,brace_floor,1,8.1584,rigid
1288,372,376,brace_floor,1,10.7629,rigid
1289,375,373,brace_floor,1,10.7629,rigid
1290,216,234,brace_space,1,13.4164,rigid
1291,216,235,brace_space,1,15.6205,rigid
1292,216,236,brace_space,1,20.8806,rigid
1293,217,234,brace_space,1,15.6205,rigid
1294,217,235,brace_space,1,13.4164,rigid
1295,217,236,brace_space,1,15.6205,rigid
1296,218,234,brace_space,1,20.8806,rigid
1297,218,235,brace_space,1,15.6205,rigid
1298,218,236,brace_space,1,13.4164,rigid
1299,231,243,brace_space,1,13.4164,rigid
1300,231,244,brace_space,1,15.6205,rigid
1301,231,245,brace_space,1,20.8806,rigid
1302,232,243,brace_space,1,15.6205,rigid
1303,232,244,brace_space,1,13.4164,rigid
1304,232,245,brace_space,1,15.6205,rigid
1305,233,243,brace_space,1,20.8806,rigid
1306,233,244,brace_space,1,15.6205,rigid
1307,233,245,brace_space,1,13.4164,rigid
1308,390,393,beam_x,2,8.0,rigid
1309,393,396,beam_x,2,8.0,rigid
1310,396,399,beam_x,2,8.0,rigid
1311,399,402,beam_x,2,8.0,rigid
1312,402,405,beam_x,2,8.0,rigid
1313,391,394,beam_x,2,8.0,rigid
1314,394,397,beam_x,2,8.0,rigid
1315,397,400,beam_x,2,8.0,rigid
1316,400,403,beam_x,2,8.0,rigid
1317,403,406,beam_x,2,8.0,rigid
1318,392,395,beam_x,2,8.0,rigid
1319,395,398,beam_x,2,8.0,rigid
1320,398,401,beam_x,2,8.0,rigid
1321,401,404,beam_x,2,8.0,rigid
1322,404,407,beam_x,2,8.0,rigid
1323,408,411,beam_x,2,8.0,rigid
1324,411,414,beam_x,2,8.0,rigid
1325,414,417,beam_x,2,8.0,rigid
1326,417,420,beam_x,2,8.0,rigid
1327,420,423,beam_x,2,8.0,rigid
1328,409,412,beam_x,2,8.0,rigid
1329,412,415,beam_x,2,8.0,rigid
1330,415,418,beam_x,2,8.0,rigid
1331,418,421,beam_x,2,8.0,rigid
1332,421,424,beam_x,2,8.0,rigid
1333,410,413,beam_x,2,8.0,rigid
1334,413,416,beam_x,2,8.0,rigid
1335,416,419,beam_x,2,8.0,rigid
1336,419,422,beam_x,2,8.0,rigid
1337,422,425,beam_x,2,8.0,rigid
1338,426,429,beam_x,2,8.0,rigid
1339,429,432,beam_x,2,8.0,rigid
1340,432,435,beam_x,2,8.0,rigid
1341,435,438,beam_x,2,8.0,rigid
1342,438,441,beam_x,2,8.0,rigid
1343,427,430,beam_x,2,8.0,rigid
1344,430,433,beam_x,2,8.0,rigid
1345,433,436,beam_x,2,8.0,rigid
1346,436,439,beam_x,2,8.0,rigid
1347,439,442,beam_x,2,8.0,rigid
1348,428,431,beam_x,2,8.0,rigid
1349,431,434,beam_x,2,8.0,rigid
1350,434,437,beam_x,2,8.0,rigid
1351,437,440,beam_x,2,8.0,rigid
1352,440,443,beam_x,2,8.0,rigid
1353,444,447,beam_x,2,8.0,rigid
1354,447,450,beam_x,2,8.0,rigid
1355,450,453,beam_x,2,8.0,rigid
1356,453,456,beam_x,2,8.0,rigid
1357,456,459,beam_x,2,8.0,rigid
1358,445,448,beam_x,2,8.0,rigid
1359,448,451,beam_x,2,8.0,rigid
1360,451,454,beam_x,2,8.0,rigid
1361,454,457,beam_x,2,8.0,rigid
1362,457,460,beam_x,2,8.0,rigid
1363,446,449,beam_x,2,8.0,rigid
1364,449,452,beam_x,2,8.0,rigid
1365,452,455,beam_x,2,8.0,rigid
1366,455,458,beam_x,2,8.0,rigid
1367,458,461,beam_x,2,8.0,rigid
1368,462,465,beam_x,2,8.0,rigid
1369,465,468,beam_x,2,8.0,rigid
1370,468,471,beam_x,2,8.0,rigid
1371,471,474,beam_x,2,8.0,rigid
1372,474,477,beam_x,2,8.0,rigid
1373,463,466,beam_x,2,8.0,rigid
1374,466,469,beam_x,2,8.0,rigid
1375,469,472,beam_x,2,8.0,rigid
1376,472,475,beam_x,2,8.0,rigid
1377,475,478,beam_x,2,8.0,rigid
1378,464,467,beam_x,2,8.0,rigid
1379,467,470,beam_x,2,8.0,rigid
1380,470,473,beam_x,2,8.0,rigid
1381,473,476,beam_x,2,8.0,rigid
1382,476,479,beam_x,2,8.0,rigid
1383,480,483,beam_x,2,8.0,rigid
1384,483,486,beam_x,2,8.0,rigid
1385,486,489,beam_x,2,8.0,rigid
1386,489,492,beam_x,2,8.0,rigid
1387,492,495,beam_x,2,8.0,rigid
1388,481,484,beam_x,2,8.0,rigid
1389,484,487,beam_x,2,8.0,rigid
1390,487,490,beam_x,2,8.0,rigid
1391,490,493,beam_x,2,8.0,rigid
1392,493,496,beam_x,2,8.0,rigid
1393,482,485,beam_x,2,8.0,rigid
1394,485,488,beam_x,2,8.0,rigid
1395,488,491,beam_x,2,8.0,rigid
1396,491,494,beam_x,2,8.0,rigid
1397,494,497,beam_x,2,8.0,rigid
1398,498,501,beam_x,2,8.0,rigid
1399,501,504,beam_x,2,8.0,rigid
1400,504,507,beam_x,2,8.0,rigid
1401,507,510,beam_x,2,8.0,rigid
1402,510,513,beam_x,2,8.0,rigid
1403,499,502,beam_x,2,8.0,rigid
1404,502,505,beam_x,2,8.0,rigid
1405,505,508,beam_x,2,8.0,rigid
1406,508,511,beam_x,2,8.0,rigid
1407,511,514,beam_x,2,8.0,rigid
1408,500,503,beam_x,2,8.0,rigid
1409,503,506,beam_x,2,8.0,rigid
1410,506,509,beam_x,2,8.0,rigid
1411,509,512,beam_x,2,8.0,rigid
1412,512,515,beam_x,2,8.0,rigid
1413,516,519,beam_x,2,8.0,rigid
1414,519,522,beam_x,2,8.0,rigid
1415,522,525,beam_x,2,8.0,rigid
1416,525,528,beam_x,2,8.0,rigid
1417,528,531,beam_x,2,8.0,rigid
1418,517,520,beam_x,2,8.0,rigid
1419,520,523,beam_x,2,8.0,rigid
1420,523,526,beam_x,2,8.0,rigid
1421,526,529,beam_x,2,8.0,rigid
1422,529,532,beam_x,2,8.0,rigid
1423,518,521,beam_x,2,8.0,rigid
1424,521,524,beam_x,2,8.0,rigid
1425,524,527,beam_x,2,8.0,rigid
1426,527,530,beam_x,2,8.0,rigid
1427,530,533,beam_x,2,8.0,rigid
1428,534,537,beam_x,2,8.0,rigid
1429,537,540,beam_x,2,8.0,rigid
1430,540,543,beam_x,2,8.0,rigid
1431,543,546,beam_x,2,8.0,rigid
1432,546,549,beam_x,2,8.0,rigid
1433,535,538,beam_x,2,8.0,rigid
1434,538,541,beam_x,2,8.0,rigid
1435,541,544,beam_x,2,8.0,rigid
1436,544,547,beam_x,2,8.0,rigid
1437,547,550,beam_x,2,8.0,rigid
1438,536,539,beam_x,2,8.0,rigid
1439,539,542,beam_x,2,8.0,rigid
1440,542,545,beam_x,2,8.0,rigid
1441,545,548,beam_x,2,8.0,rigid
1442,548,551,beam_x,2,8.0,rigid
1443,552,555,beam_x,2,8.0,rigid
1444,555,558,beam_x,2,8.0,rigid
1445,558,561,beam_x,2,8.0,rigid
1446,561,564,beam_x,2,8.0,rigid
1447,564,567,beam_x,2,8.0,rigid
1448,553,556,beam_x,2,8.0,rigid
1449,556,559,beam_x,2,8.0,rigid
1450,559,562,beam_x,2,8.0,rigid
1451,562,565,beam_x,2,8.0,rigid
1452,565,568,beam_x,2,8.0,rigid
1453,554,557,beam_x,2,8.0,rigid
1454,557,560,beam_x,2,8.0,rigid
1455,560,563,beam_x,2,8.0,rigid
1456,563,566,beam_x,2,8.0,rigid
1457,566,569,beam_x,2,8.0,rigid
1458,570,573,beam_x,2,8.0,rigid
1459,573,576,beam_x,2,8.0,rigid
1460,576,579,beam_x,2,8.0,rigid
1461,579,582,beam_x,2,8.0,rigid
1462,582,585,beam_x,2,8.0,rigid
1463,571,574,beam_x,2,8.0,rigid
1464,574,577,beam_x,2,8.0,rigid
1465,577,580,beam_x,2,8.0,rigid
1466,580,583,beam_x,2,8.0,rigid
1467,583,586,beam_x,2,8.0,rigid
1468,572,575,beam_x,2,8.0,rigid
1469,575,578,beam_x,2,8.0,rigid
1470,578,581,beam_x,2,8.0,rigid
1471,581,584,beam_x,2,8.0,rigid
1472,584,587,beam_x,2,8.0,rigid
1473,588,591,beam_x,2,8.0,rigid
1474,591,594,beam_x,2,8.0,rigid
1475,594,597,beam_x,2,8.0,rigid
1476,597,600,beam_x,2,8.0,rigid
1477,600,603,beam_x,2,8.0,rigid
1478,589,592,beam_x,2,8.0,rigid
1479,592,595,beam_x,2,8.0,rigid
1480,595,598,beam_x,2,8.0,rigid
1481,598,601,beam_x,2,8.0,rigid
1482,601,604,beam_x,2,8.0,rigid
1483,590,593,beam_x,2,8.0,rigid
1484,593,596,beam_x,2,8.0,rigid
1485,596,599,beam_x,2,8.0,rigid
1486,599,602,beam_x,2,8.0,rigid
1487,602,605,beam_x,2,8.0,rigid
1488,606,609,beam_x,2,8.0,rigid
1489,609,612,beam_x,2,8.0,rigid
1490,612,615,beam_x,2,8.0,rigid
1491,615,618,beam_x,2,8.0,rigid
1492,618,621,beam_x,2,8.0,rigid
1493,607,610,beam_x,2,8.0,rigid
1494,610,613,beam_x,2,8.0,rigid
1495,613,616,beam_x,2,8.0,rigid
1496,616,619,beam_x,2,8.0,rigid
1497,619,622,beam_x,2,8.0,rigid
1498,608,611,beam_x,2,8.0,rigid
1499,611,614,beam_x,2,8.0,rigid
1500,614,617,beam_x,2,8.0,rigid
1501,617,620,beam_x,2,8.0,rigid
1502,620,623,beam_x,2,8.0,rigid
1503,624,627,beam_x,2,7.2,rigid
1504,627,630,beam_x,2,1.6,rigid
1505,630,633,beam_x,2,7.2,rigid
1506,625,628,beam_x,2,7.2,rigid
1507,628,631,beam_x,2,1.6,rigid
1508,631,634,beam_x,2,7.2,rigid
1509,626,629,beam_x,2,7.2,rigid
1510,629,632,beam_x,2,1.6,rigid
1511,632,635,beam_x,2,7.2,rigid
1512,636,639,beam_x,2,7.2,rigid
1513,639,642,beam_x,2,1.6,rigid
1514,642,645,beam_x,2,7.2,rigid
1515,637,640,beam_x,2,7.2,rigid
1516,640,643,beam_x,2,1.6,rigid
1517,643,646,beam_x,2,7.2,rigid
1518,638,641,beam_x,2,7.2,rigid
1519,641,644,beam_x,2,1.6,rigid
1520,644,647,beam_x,2,7.2,rigid
1521,648,651,beam_x,2,7.2,rigid
1522,651,654,beam_x,2,1.6,rigid
1523,654,657,beam_x,2,7.2,rigid
1524,649,652,beam_x,2,7.2,rigid
1525,652,655,beam_x,2,1.6,rigid
1526,655,658,beam_x,2,7.2,rigid
1527,650,653,beam_x,2,7.2,rigid
1528,653,656,beam_x,2,1.6,rigid
1529,656,659,beam_x,2,7.2,rigid
1530,660,663,beam_x,2,7.2,rigid
1531,663,666,beam_x,2,1.6,rigid
1532,666,669,beam_x,2,7.2,rigid
1533,661,664,beam_x,2,7.2,rigid
1534,664,667,beam_x,2,1.6,rigid
1535,667,670,beam_x,2,7.2,rigid
1536,662,665,beam_x,2,7.2,rigid
1537,665,668,beam_x,2,1.6,rigid
1538,668,671,beam_x,2,7.2,rigid
1539,672,675,beam_x,2,7.2,rigid
1540,675,678,beam_x,2,1.6,rigid
1541,678,681,beam_x,2,7.2,rigid
1542,673,676,beam_x,2,7.2,rigid
1543,676,679,beam_x,2,1.6,rigid
1544,679,682,beam_x,2,7.2,rigid
1545,674,677,beam_x,2,7.2,rigid
1546,677,680,beam_x,2,1.6,rigid
1547,680,683,beam_x,2,7.2,rigid
1548,684,687,beam_x,2,7.2,rigid
1549,687,690,beam_x,2,1.6,rigid
1550,690,693,beam_x,2,7.2,rigid
1551,685,688,beam_x,2,7.2,rigid
1552,688,691,beam_x,2,1.6,rigid
1553,691,694,beam_x,2,7.2,rigid
1554,686,689,beam_x,2,7.2,rigid
1555,689,692,beam_x,2,1.6,rigid
1556,692,695,beam_x,2,7.2,rigid
1557,696,699,beam_x,2,7.2,rigid
1558,699,702,beam_x,2,1.6,rigid
1559,702,705,beam_x,2,7.2,rigid
1560,697,700,beam_x,2,7.2,rigid
1561,700,703,beam_x,2,1.6,rigid
1562,703,706,beam_x,2,7.2,rigid
1563,698,701,beam_x,2,7.2,rigid
1564,701,704,beam_x,2,1.6,rigid
1565,704,707,beam_x,2,7.2,rigid
1566,708,711,beam_x,2,7.2,rigid
1567,711,714,beam_x,2,1.6,rigid
1568,714,717,beam_x,2,7.2,rigid
1569,709,712,beam_x,2,7.2,rigid
1570,712,715,beam_x,2,1.6,rigid
1571,715,718,beam_x,2,7.2,rigid
1572,710,713,beam_x,2,7.2,rigid
1573,713,716,beam_x,2,1.6,rigid
1574,716,719,beam_x,2,7.2,rigid
1575,720,723,beam_x,2,7.2,rigid
1576,723,726,beam_x,2,1.6,rigid
1577,726,729,beam_x,2,7.2,rigid
1578,721,724,beam_x,2,7.2,rigid
1579,724,727,beam_x,2,1.6,rigid
1580,727,730,beam_x,2,7.2,rigid
1581,722,725,beam_x,2,7.2,rigid
1582,725,728,beam_x,2,1.6,rigid
1583,728,731,beam_x,2,7.2,rigid
1584,732,735,beam_x,2,7.2,rigid
1585,735,738,beam_x,2,1.6,rigid
1586,738,741,beam_x,2,7.2,rigid
1587,733,736,beam_x,2,7.2,rigid
1588,736,739,beam_x,2,1.6,rigid
1589,739,742,beam_x,2,7.2,rigid
1590,734,737,beam_x,2,7.2,rigid
1591,737,740,beam_x,2,1.6,rigid
1592,740,743,beam_x,2,7.2,rigid
1593,744,747,beam_x,2,7.2,rigid
1594,747,750,beam_x,2,1.6,rigid
1595,750,753,beam_x,2,7.2,rigid
1596,745,748,beam_x,2,7.2,rigid
1597,748,751,beam_x,2,1.6,rigid
1598,751,754,beam_x,2,7.2,rigid
1599,746,749,beam_x,2,7.2,rigid
1600,749,752,beam_x,2,1.6,rigid
1601,752,755,beam_x,2,7.2,rigid
1602,756,759,beam_x,2,7.2,rigid
1603,759,762,beam_x,2,1.6,rigid
1604,762,765,beam_x,2,7.2,rigid
1605,757,760,beam_x,2,7.2,rigid
1606,760,763,beam_x,2,1.6,rigid
1607,763,766,beam_x,2,7.2,rigid
1608,758,761,beam_x,2,7.2,rigid
1609,761,764,beam_x,2,1.6,rigid
1610,764,767,beam_x,2,7.2,rigid
1611,768,771,beam_x,2,7.2,rigid
1612,771,774,beam_x,2,1.6,rigid
1613,774,777,beam_x,2,7.2,rigid
1614,769,772,beam_x,2,7.2,rigid
1615,772,775,beam_x,2,1.6,rigid
1616,775,778,beam_x,2,7.2,rigid
1617,770,773,beam_x,2,7.2,rigid
1618,773,776,beam_x,2,1.6,rigid
1619,776,779,beam_x,2,7.2,rigid
1620,390,391,beam_y,2,8.0,rigid
1621,391,392,beam_y,2,8.0,rigid
1622,393,394,beam_y,2,8.0,rigid
1623,394,395,beam_y,2,8.0,rigid
1624,396,397,beam_y,2,8.0,rigid
1625,397,398,beam_y,2,8.0,rigid
1626,399,400,beam_y,2,8.0,rigid
1627,400,401,beam_y,2,8.0,rigid
1628,402,403,beam_y,2,8.0,rigid
1629,403,404,beam_y,2,8.0,rigid
1630,405,406,beam_y,2,8.0,rigid
1631,406,407,beam_y,2,8.0,rigid
1632,408,409,beam_y,2,8.0,rigid
1633,409,410,beam_y,2,8.0,rigid
1634,411,412,beam_y,2,8.0,rigid
1635,412,413,beam_y,2,8.0,rigid
1636,414,415,beam_y,2,8.0,rigid
1637,415,416,beam_y,2,8.0,rigid
1638,417,418,beam_y,2,8.0,rigid
1639,418,419,beam_y,2,8.0,rigid
1640,420,421,beam_y,2,8.0,rigid
1641,421,422,beam_y,2,8.0,rigid
1642,423,424,beam_y,2,8.0,rigid
1643,424,425,beam_y,2,8.0,rigid
1644,426,427,beam_y,2,8.0,rigid
1645,427,428,beam_y,2,8.0,rigid
1646,429,430,beam_y,2,8.0,rigid
1647,430,431,beam_y,2,8.0,rigid
1648,432,433,beam_y,2,8.0,rigid
1649,433,434,beam_y,2,8.0,rigid
1650,435,436,beam_y,2,8.0,rigid
1651,436,437,beam_y,2,8.0,rigid
1652,438,439,beam_y,2,8.0,rigid
1653,439,440,beam_y,2,8.0,rigid
1654,441,442,beam_y,2,8.0,rigid
1655,442,443,beam_y,2,8.0,rigid
1656,444,445,beam_y,2,8.0,rigid
1657,445,446,beam_y,2,8.0,rigid
1658,447,448,beam_y,2,8.0,rigid
1659,448,449,beam_y,2,8.0,rigid
1660,450,451,beam_y,2,8.0,rigid
1661,451,452,beam_y,2,8.0,rigid
1662,453,454,beam_y,2,8.0,rigid
1663,454,455,beam_y,2,8.0,rigid
1664,456,457,beam_y,2,8.0,rigid
1665,457,458,beam_y,2,8.0,rigid
1666,459,460,beam_y,2,8.0,rigid
1667,460,461,beam_y,2,8.0,rigid
1668,462,463,beam_y,2,8.0,rigid
1669,463,464,beam_y,2,8.0,rigid
1670,465,466,beam_y,2,8.0,rigid
1671,466,467,beam_y,2,8.0,rigid
1672,468,469,beam_y,2,8.0,rigid
1673,469,470,beam_y,2,8.0,rigid
1674,471,472,beam_y,2,8.0,rigid
1675,472,473,beam_y,2,8.0,rigid
1676,474,475,beam_y,2,8.0,rigid
1677,475,476,beam_y,2,8.0,rigid
1678,477,478,beam_y,2,8.0,rigid
1679,478,479,beam_y,2,8.0,rigid
1680,480,481,beam_y,2,8.0,rigid
1681,481,482,beam_y,2,8.0,rigid
1682,483,484,beam_y,2,8.0,rigid
1683,484,485,beam_y,2,8.0,rigid
1684,486,487,beam_y,2,8.0,rigid
1685,487,488,beam_y,2,8.0,rigid
1686,489,490,beam_y,2,8.0,rigid
1687,490,491,beam_y,2,8.0,rigid
1688,492,493,beam_y,2,8.0,rigid
1689,493,494,beam_y,2,8.0,rigid
1690,495,496,beam_y,2,8.0,rigid
1691,496,497,beam_y,2,8.0,rigid
1692,498,499,beam_y,2,8.0,rigid
1693,499,500,beam_y,2,8.0,rigid
1694,501,502,beam_y,2,8.0,rigid
1695,502,503,beam_y,2,8.0,rigid
1696,504,505,beam_y,2,8.0,rigid
1697,505,506,beam_y,2,8.0,rigid
1698,507,508,beam_y,2,8.0,rigid
1699,508,509,beam_y,2,8.0,rigid
1700,510,511,beam_y,2,8.0,rigid
1701,511,512,beam_y,2,8.0,rigid
1702,513,514,beam_y,2,8.0,rigid
1703,514,515,beam_y,2,8.0,rigid
1704,516,517,beam_y,2,8.0,rigid
1705,517,518,beam_y,2,8.0,rigid
1706,519,520,beam_y,2,8.0,rigid
1707,520,521,beam_y,2,8.0,rigid
1708,522,523,beam_y,2,8.0,rigid
1709,523,524,beam_y,2,8.0,rigid
1710,525,526,beam_y,2,8.0,rigid
1711,526,527,beam_y,2,8.0,rigid
1712,528,529,beam_y,2,8.0,rigid
1713,529,530,beam_y,2,8.0,rigid
1714,531,532,beam_y,2,8.0,rigid
1715,532,533,beam_y,2,8.0,rigid
1716,534,535,beam_y,2,8.0,rigid
1717,535,536,beam_y,2,8.0,rigid
1718,537,538,beam_y,2,8.0,rigid
1719,538,539,beam_y,2,8.0,rigid
1720,540,541,beam_y,2,8.0,rigid
1721,541,542,beam_y,2,8.0,rigid
1722,543,544,beam_y,2,8.0,rigid
1723,544,545,beam_y,2,8.0,rigid
1724,546,547,beam_y,2,8.0,rigid
1725,547,548,beam_y,2,8.0,rigid
1726,549,550,beam_y,2,8.0,rigid
1727,550,551,beam_y,2,8.0,rigid
1728,552,553,beam_y,2,8.0,rigid
1729,553,554,beam_y,2,8.0,rigid
1730,555,556,beam_y,2,8.0,rigid
1731,556,557,beam_y,2,8.0,rigid
1732,558,559,beam_y,2,8.0,rigid
1733,559,560,beam_y,2,8.0,rigid
1734,561,562,beam_y,2,8.0,rigid
1735,562,563,beam_y,2,8.0,rigid
1736,564,565,beam_y,2,8.0,rigid
1737,565,566,beam_y,2,8.0,rigid
1738,567,568,beam_y,2,8.0,rigid
1739,568,569,beam_y,2,8.0,rigid
1740,570,571,beam_y,2,8.0,rigid
1741,571,572,beam_y,2,8.0,rigid
1742,573,574,beam_y,2,8.0,rigid
1743,574,575,beam_y,2,8.0,rigid
1744,576,577,beam_y,2,8.0,rigid
1745,577,578,beam_y,2,8.0,rigid
1746,579,580,beam_y,2,8.0,rigid
1747,580,581,beam_y,2,8.0,rigid
1748,582,583,beam_y,2,8.0,rigid
1749,583,584,beam_y,2,8.0,rigid
1750,585,586,beam_y,2,8.0,rigid
1751,586,587,beam_y,2,8.0,rigid
1752,588,589,beam_y,2,8.0,rigid
1753,589,590,beam_y,2,8.0,rigid
1754,591,592,beam_y,2,8.0,rigid
1755,592,593,beam_y,2,8.0,rigid
1756,594,595,beam_y,2,8.0,rigid
1757,595,596,beam_y,2,8.0,rigid
1758,597,598,beam_y,2,8.0,rigid
1759,598,599,beam_y,2,8.0,rigid
1760,600,601,beam_y,2,8.0,rigid
1761,601,602,beam_y,2,8.0,rigid
1762,603,604,beam_y,2,8.0,rigid
1763,604,605,beam_y,2,8.0,rigid
1764,606,607,beam_y,2,8.0,rigid
1765,607,608,beam_y,2,8.0,rigid
1766,609,610,beam_y,2,8.0,rigid
1767,610,611,beam_y,2,8.0,rigid
1768,612,613,beam_y,2,8.0,rigid
1769,613,614,beam_y,2,8.0,rigid
1770,615,616,beam_y,2,8.0,rigid
1771,616,617,beam_y,2,8.0,rigid
1772,618,619,beam_y,2,8.0,rigid
1773,619,620,beam_y,2,8.0,rigid
1774,621,622,beam_y,2,8.0,rigid
1775,622,623,beam_y,2,8.0,rigid
1776,624,625,beam_y,2,8.0,rigid
1777,625,626,beam_y,2,8.0,rigid
1778,627,628,beam_y,2,8.0,rigid
1779,628,629,beam_y,2,8.0,rigid
1780,630,631,beam_y,2,8.0,rigid
1781,631,632,beam_y,2,8.0,rigid
1782,633,634,beam_y,2,8.0,rigid
1783,634,635,beam_y,2,8.0,rigid
1784,636,637,beam_y,2,8.0,rigid
1785,637,638,beam_y,2,8.0,rigid
1786,639,640,beam_y,2,8.0,rigid
1787,640,641,beam_y,2,8.0,rigid
1788,642,643,beam_y,2,8.0,rigid
1789,643,644,beam_y,2,8.0,rigid
1790,645,646,beam_y,2,8.0,rigid
1791,646,647,beam_y,2,8.0,rigid
1792,648,649,beam_y,2,8.0,rigid
1793,649,650,beam_y,2,8.0,rigid
1794,651,652,beam_y,2,8.0,rigid
1795,652,653,beam_y,2,8.0,rigid
1796,654,655,beam_y,2,8.0,rigid
1797,655,656,beam_y,2,8.0,rigid
1798,657,658,beam_y,2,8.0,rigid
1799,658,659,beam_y,2,8.0,rigid
1800,660,661,beam_y,2,8.0,rigid
1801,661,662,beam_y,2,8.0,rigid
1802,663,664,beam_y,2,8.0,rigid
1803,664,665,beam_y,2,8.0,rigid
1804,666,667,beam_y,2,8.0,rigid
1805,667,668,beam_y,2,8.0,rigid
1806,669,670,beam_y,2,8.0,rigid
1807,670,671,beam_y,2,8.0,rigid
1808,672,673,beam_y,2,8.0,rigid
1809,673,674,beam_y,2,8.0,rigid
1810,675,676,beam_y,2,8.0,rigid
1811,676,677,beam_y,2,8.0,rigid
1812,678,679,beam_y,2,8.0,rigid
1813,679,680,beam_y,2,8.0,rigid
1814,681,682,beam_y,2,8.0,rigid
1815,682,683,beam_y,2,8.0,rigid
1816,684,685,beam_y,2,8.0,rigid
1817,685,686,beam_y,2,8.0,rigid
1818,687,688,beam_y,2,8.0,rigid
1819,688,689,beam_y,2,8.0,rigid
1820,690,691,beam_y,2,8.0,rigid
1821,691,692,beam_y,2,8.0,rigid
1822,693,694,beam_y,2,8.0,rigid
1823,694,695,beam_y,2,8.0,rigid
1824,696,697,beam_y,2,8.0,rigid
1825,697,698,beam_y,2,8.0,rigid
1826,699,700,beam_y,2,8.0,rigid
1827,700,701,beam_y,2,8.0,rigid
1828,702,703,beam_y,2,8.0,rigid
1829,703,704,beam_y,2,8.0,rigid
1830,705,706,beam_y,2,8.0,rigid
1831,706,707,beam_y,2,8.0,rigid
1832,708,709,beam_y,2,8.0,rigid
1833,709,710,beam_y,2,8.0,rigid
1834,711,712,beam_y,2,8.0,rigid
1835,712,713,beam_y,2,8.0,rigid
1836,714,715,beam_y,2,8.0,rigid
1837,715,716,beam_y,2,8.0,rigid
1838,717,718,beam_y,2,8.0,rigid
1839,718,719,beam_y,2,8.0,rigid
1840,720,721,beam_y,2,8.0,rigid
1841,721,722,beam_y,2,8.0,rigid
1842,723,724,beam_y,2,8.0,rigid
1843,724,725,beam_y,2,8.0,rigid
1844,726,727,beam_y,2,8.0,rigid
1845,727,728,beam_y,2,8.0,rigid
1846,729,730,beam_y,2,8.0,rigid
1847,730,731,beam_y,2,8.0,rigid
1848,732,733,beam_y,2,8.0,rigid
1849,733,734,beam_y,2,8.0,rigid
1850,735,736,beam_y,2,8.0,rigid
1851,736,737,beam_y,2,8.0,rigid
1852,738,739,beam_y,2,8.0,rigid
1853,739,740,beam_y,2,8.0,rigid
1854,741,742,beam_y,2,8.0,rigid
1855,742,743,beam_y,2,8.0,rigid
1856,744,745,beam_y,2,8.0,rigid
1857,745,746,beam_y,2,8.0,rigid
1858,747,748,beam_y,2,8.0,rigid
1859,748,749,beam_y,2,8.0,rigid
1860,750,751,beam_y,2,8.0,rigid
1861,751,752,beam_y,2,8.0,rigid
1862,753,754,beam_y,2,8.0,rigid
1863,754,755,beam_y,2,8.0,rigid
1864,756,757,beam_y,2,8.0,rigid
1865,757,758,beam_y,2,8.0,rigid
1866,759,760,beam_y,2,8.0,rigid
1867,760,761,beam_y,2,8.0,rigid
1868,762,763,beam_y,2,8.0,rigid
1869,763,764,beam_y,2,8.0,rigid
1870,765,766,beam_y,2,8.0,rigid
1871,766,767,beam_y,2,8.0,rigid
1872,768,769,beam_y,2,8.0,rigid
1873,769,770,beam_y,2,8.0,rigid
1874,771,772,beam_y,2,8.0,rigid
1875,772,773,beam_y,2,8.0,rigid
1876,774,775,beam_y,2,8.0,rigid
1877,775,776,beam_y,2,8.0,rigid
1878,777,778,beam_y,2,8.0,rigid
1879,778,779,beam_y,2,8.0,rigid
1880,390,408,column,2,9.0,rigid
1881,391,409,column,2,9.0,rigid
1882,392,410,column,2,9.0,rigid
1883,393,411,column,2,9.0,rigid
1884,394,412,column,2,9.0,rigid
1885,395,413,column,2,9.0,rigid
1886,396,414,column,2,9.0,rigid
1887,397,415,column,2,9.0,rigid
1888,398,416,column,2,9.0,rigid
1889,399,417,column,2,9.0,rigid
1890,400,418,column,2,9.0,rigid
1891,401,419,column,2,9.0,rigid
1892,402,420,column,2,9.0,rigid
1893,403,421,column,2,9.0,rigid
1894,404,422,column,2,9.0,rigid
1895,405,423,column,2,9.0,rigid
1896,406,424,column,2,9.0,rigid
1897,407,425,column,2,9.0,rigid
1898,408,426,column,2,6.0,rigid
1899,409,427,column,2,6.0,rigid
1900,410,428,column,2,6.0,rigid
1901,411,429,column,2,6.0,rigid
1902,412,430,column,2,6.0,rigid
1903,413,431,column,2,6.0,rigid
1904,414,432,column,2,6.0,rigid
1905,415,433,column,2,6.0,rigid
1906,416,434,column,2,6.0,rigid
1907,417,435,column,2,6.0,rigid
1908,418,436,column,2,6.0,rigid
1909,419,437,column,2,6.0,rigid
1910,420,438,column,2,6.0,rigid
1911,421,439,column,2,6.0,rigid
1912,422,440,column,2,6.0,rigid
1913,423,441,column,2,6.0,rigid
1914,424,442,column,2,6.0,rigid
1915,425,443,column,2,6.0,rigid
1916,426,444,column,2,6.0,rigid
1917,427,445,column,2,6.0,rigid
1918,428,446,column,2,6.0,rigid
1919,429,447,column,2,6.0,rigid
1920,430,448,column,2,6.0,rigid
1921,431,449,column,2,6.0,rigid
1922,432,450,column,2,6.0,rigid
1923,433,451,column,2,6.0,rigid
1924,434,452,column,2,6.0,rigid
1925,435,453,column,2,6.0,rigid
1926,436,454,column,2,6.0,rigid
1927,437,455,column,2,6.0,rigid
1928,438,456,column,2,6.0,rigid
1929,439,457,column,2,6.0,rigid
1930,440,458,column,2,6.0,rigid
1931,441,459,column,2,6.0,rigid
1932,442,460,column,2,6.0,rigid
1933,443,461,column,2,6.0,rigid
1934,444,462,column,2,6.0,rigid
1935,445,463,column,2,6.0,rigid
1936,446,464,column,2,6.0,rigid
1937,447,465,column,2,6.0,rigid
1938,448,466,column,2,6.0,rigid
1939,449,467,column,2,6.0,rigid
1940,450,468,column,2,6.0,rigid
1941,451,469,column,2,6.0,rigid
1942,452,470,column,2,6.0,rigid
1943,453,471,column,2,6.0,rigid
1944,454,472,column,2,6.0,rigid
1945,455,473,column,2,6.0,rigid
1946,456,474,column,2,6.0,rigid
1947,457,475,column,2,6.0,rigid
1948,458,476,column,2,6.0,rigid
1949,459,477,column,2,6.0,rigid
1950,460,478,column,2,6.0,rigid
1951,461,479,column,2,6.0,rigid
1952,462,480,column,2,6.0,rigid
1953,463,481,column,2,6.0,rigid
1954,464,482,column,2,6.0,rigid
1955,465,483,column,2,6.0,rigid
1956,466,484,column,2,6.0,rigid
1957,467,485,column,2,6.0,rigid
1958,468,486,column,2,6.0,rigid
1959,469,487,column,2,6.0,rigid
1960,470,488,column,2,6.0,rigid
1961,471,489,column,2,6.0,rigid
1962,472,490,column,2,6.0,rigid
1963,473,491,column,2,6.0,rigid
1964,474,492,column,2,6.0,rigid
1965,475,493,column,2,6.0,rigid
1966,476,494,column,2,6.0,rigid
1967,477,495,column,2,6.0,rigid
1968,478,496,column,2,6.0,rigid
1969,479,497,column,2,6.0,rigid
1970,480,498,column,2,6.0,rigid
1971,481,499,column,2,6.0,rigid
1972,482,500,column,2,6.0,rigid
1973,483,501,column,2,6.0,rigid
1974,484,502,column,2,6.0,rigid
1975,485,503,column,2,6.0,rigid
1976,486,504,column,2,6.0,rigid
1977,487,505,column,2,6.0,rigid
1978,488,506,column,2,6.0,rigid
1979,489,507,column,2,6.0,rigid
1980,490,508,column,2,6.0,rigid
1981,491,509,column,2,6.0,rigid
1982,492,510,column,2,6.0,rigid
1983,493,511,column,2,6.0,rigid
1984,494,512,column,2,6.0,rigid
1985,495,513,column,2,6.0,rigid
1986,496,514,column,2,6.0,rigid
1987,497,515,column,2,6.0,rigid
1988,498,516,column,2,6.0,rigid
1989,499,517,column,2,6.0,rigid
1990,500,518,column,2,6.0,rigid
1991,501,519,column,2,6.0,rigid
1992,502,520,column,2,6.0,rigid
1993,503,521,column,2,6.0,rigid
1994,504,522,column,2,6.0,rigid
1995,505,523,column,2,6.0,rigid
1996,506,524,column,2,6.0,rigid
1997,507,525,column,2,6.0,rigid
1998,508,526,column,2,6.0,rigid
1999,509,527,column,2,6.0,rigid
2000,510,528,column,2,6.0,rigid
2001,511,529,column,2,6.0,rigid
2002,512,530,column,2,6.0,rigid
2003,513,531,column,2,6.0,rigid
2004,514,532,column,2,6.0,rigid
2005,515,533,column,2,6.0,rigid
2006,516,534,column,2,6.0,rigid
2007,517,535,column,2,6.0,rigid
2008,518,536,column,2,6.0,rigid
2009,519,537,column,2,6.0,rigid
2010,520,538,column,2,6.0,rigid
2011,521,539,column,2,6.0,rigid
2012,522,540,column,2,6.0,rigid
2013,523,541,column,2,6.0,rigid
2014,524,542,column,2,6.0,rigid
2015,525,543,column,2,6.0,rigid
2016,526,544,column,2,6.0,rigid
2017,527,545,column,2,6.0,rigid
2018,528,546,column,2,6.0,rigid
2019,529,547,column,2,6.0,rigid
2020,530,548,column,2,6.0,rigid
2021,531,549,column,2,6.0,rigid
2022,532,550,column,2,6.0,rigid
2023,533,551,column,2,6.0,rigid
2024,534,552,column,2,6.0,rigid
2025,535,553,column,2,6.0,rigid
2026,536,554,column,2,6.0,rigid
2027,537,555,column,2,6.0,rigid
2028,538,556,column,2,6.0,rigid
2029,539,557,column,2,6.0,rigid
2030,540,558,column,2,6.0,rigid
2031,541,559,column,2,6.0,rigid
2032,542,560,column,2,6.0,rigid
2033,543,561,column,2,6.0,rigid
2034,544,562,column,2,6.0,rigid
2035,545,563,column,2,6.0,rigid
2036,546,564,column,2,6.0,rigid
2037,547,565,column,2,6.0,rigid
2038,548,566,column,2,6.0,rigid
2039,549,567,column,2,6.0,rigid
2040,550,568,column,2,6.0,rigid
2041,551,569,column,2,6.0,rigid
2042,552,570,column,2,6.0,rigid
2043,553,571,column,2,6.0,rigid
2044,554,572,column,2,6.0,rigid
2045,555,573,column,2,6.0,rigid
2046,556,574,column,2,6.0,rigid
2047,557,575,column,2,6.0,rigid
2048,558,576,column,2,6.0,rigid
2049,559,577,column,2,6.0,rigid
2050,560,578,column,2,6.0,rigid
2051,561,579,column,2,6.0,rigid
2052,562,580,column,2,6.0,rigid
2053,563,581,column,2,6.0,rigid
2054,564,582,column,2,6.0,rigid
2055,565,583,column,2,6.0,rigid
2056,566,584,column,2,6.0,rigid
2057,567,585,column,2,6.0,rigid
2058,568,586,column,2,6.0,rigid
2059,569,587,column,2,6.0,rigid
2060,570,588,column,2,6.0,rigid
2061,571,589,column,2,6.0,rigid
2062,572,590,column,2,6.0,rigid
2063,573,591,column,2,6.0,rigid
2064,574,592,column,2,6.0,rigid
2065,575,593,column,2,6.0,rigid
2066,576,594,column,2,6.0,rigid
2067,577,595,column,2,6.0,rigid
2068,578,596,column,2,6.0,rigid
2069,579,597,column,2,6.0,rigid
2070,580,598,column,2,6.0,rigid
2071,581,599,column,2,6.0,rigid
2072,582,600,column,2,6.0,rigid
2073,583,601,column,2,6.0,rigid
2074,584,602,column,2,6.0,rigid
2075,585,603,column,2,6.0,rigid
2076,586,604,column,2,6.0,rigid
2077,587,605,column,2,6.0,rigid
2078,588,606,column,2,6.0,rigid
2079,589,607,column,2,6.0,rigid
2080,590,608,column,2,6.0,rigid
2081,591,609,column,2,6.0,rigid
2082,592,610,column,2,6.0,rigid
2083,593,611,column,2,6.0,rigid
2084,594,612,column,2,6.0,rigid
2085,595,613,column,2,6.0,rigid
2086,596,614,column,2,6.0,rigid
2087,597,615,column,2,6.0,rigid
2088,598,616,column,2,6.0,rigid
2089,599,617,column,2,6.0,rigid
2090,600,618,column,2,6.0,rigid
2091,601,619,column,2,6.0,rigid
2092,602,620,column,2,6.0,rigid
2093,603,621,column,2,6.0,rigid
2094,604,622,column,2,6.0,rigid
2095,605,623,column,2,6.0,rigid
2096,624,636,column,2,6.0,rigid
2097,625,637,column,2,6.0,rigid
2098,626,638,column,2,6.0,rigid
2099,627,639,column,2,6.0,rigid
2100,628,640,column,2,6.0,rigid
2101,629,641,column,2,6.0,rigid
2102,630,642,column,2,6.0,rigid
2103,631,643,column,2,6.0,rigid
2104,632,644,column,2,6.0,rigid
2105,633,645,column,2,6.0,rigid
2106,634,646,column,2,6.0,rigid
2107,635,647,column,2,6.0,rigid
2108,636,648,column,2,6.0,rigid
2109,637,649,column,2,6.0,rigid
2110,638,650,column,2,6.0,rigid
2111,639,651,column,2,6.0,rigid
2112,640,652,column,2,6.0,rigid
2113,641,653,column,2,6.0,rigid
2114,642,654,column,2,6.0,rigid
2115,643,655,column,2,6.0,rigid
2116,644,656,column,2,6.0,rigid
2117,645,657,column,2,6.0,rigid
2118,646,658,column,2,6.0,rigid
2119,647,659,column,2,6.0,rigid
2120,648,660,column,2,6.0,rigid
2121,649,661,column,2,6.0,rigid
2122,650,662,column,2,6.0,rigid
2123,651,663,column,2,6.0,rigid
2124,652,664,column,2,6.0,rigid
2125,653,665,column,2,6.0,rigid
2126,654,666,column,2,6.0,rigid
2127,655,667,column,2,6.0,rigid
2128,656,668,column,2,6.0,rigid
2129,657,669,column,2,6.0,rigid
2130,658,670,column,2,6.0,rigid
2131,659,671,column,2,6.0,rigid
2132,660,672,column,2,6.0,rigid
2133,661,673,column,2,6.0,rigid
2134,662,674,column,2,6.0,rigid
2135,663,675,column,2,6.0,rigid
2136,664,676,column,2,6.0,rigid
2137,665,677,column,2,6.0,rigid
2138,666,678,column,2,6.0,rigid
2139,667,679,column,2,6.0,rigid
2140,668,680,column,2,6.0,rigid
2141,669,681,column,2,6.0,rigid
2142,670,682,column,2,6.0,rigid
2143,671,683,column,2,6.0,rigid
2144,672,684,column,2,6.0,rigid
2145,673,685,column,2,6.0,rigid
2146,674,686,column,2,6.0,rigid
2147,675,687,column,2,6.0,rigid
2148,676,688,column,2,6.0,rigid
2149,677,689,column,2,6.0,rigid
2150,678,690,column,2,6.0,rigid
2151,679,691,column,2,6.0,rigid
2152,680,692,column,2,6.0,rigid
2153,681,693,column,2,6.0,rigid
2154,682,694,column,2,6.0,rigid
2155,683,695,column,2,6.0,rigid
2156,684,696,column,2,6.0,rigid
2157,685,697,column,2,6.0,rigid
2158,686,698,column,2,6.0,rigid
2159,687,699,column,2,6.0,rigid
2160,688,700,column,2,6.0,rigid
2161,689,701,column,2,6.0,rigid
2162,690,702,column,2,6.0,rigid
2163,691,703,column,2,6.0,rigid
2164,692,704,column,2,6.0,rigid
2165,693,705,column,2,6.0,rigid
2166,694,706,column,2,6.0,rigid
2167,695,707,column,2,6.0,rigid
2168,696,708,column,2,6.0,rigid
2169,697,709,column,2,6.0,rigid
2170,698,710,column,2,6.0,rigid
2171,699,711,column,2,6.0,rigid
2172,700,712,column,2,6.0,rigid
2173,701,713,column,2,6.0,rigid
2174,702,714,column,2,6.0,rigid
2175,703,715,column,2,6.0,rigid
2176,704,716,column,2,6.0,rigid
2177,705,717,column,2,6.0,rigid
2178,706,718,column,2,6.0,rigid
2179,707,719,column,2,6.0,rigid
2180,708,720,column,2,6.0,rigid
2181,709,721,column,2,6.0,rigid
2182,710,722,column,2,6.0,rigid
2183,711,723,column,2,6.0,rigid
2184,712,724,column,2,6.0,rigid
2185,713,725,column,2,6.0,rigid
2186,714,726,column,2,6.0,rigid
2187,715,727,column,2,6.0,rigid
2188,716,728,column,2,6.0,rigid
2189,717,729,column,2,6.0,rigid
2190,718,730,column,2,6.0,rigid
2191,719,731,column,2,6.0,rigid
2192,720,732,column,2,6.0,rigid
2193,721,733,column,2,6.0,rigid
2194,722,734,column,2,6.0,rigid
2195,723,735,column,2,6.0,rigid
2196,724,736,column,2,6.0,rigid
2197,725,737,column,2,6.0,rigid
2198,726,738,column,2,6.0,rigid
2199,727,739,column,2,6.0,rigid
2200,728,740,column,2,6.0,rigid
2201,729,741,column,2,6.0,rigid
2202,730,742,column,2,6.0,rigid
2203,731,743,column,2,6.0,rigid
2204,732,744,column,2,6.0,rigid
2205,733,745,column,2,6.0,rigid
2206,734,746,column,2,6.0,rigid
2207,735,747,column,2,6.0,rigid
2208,736,748,column,2,6.0,rigid
2209,737,749,column,2,6.0,rigid
2210,738,750,column,2,6.0,rigid
2211,739,751,column,2,6.0,rigid
2212,740,752,column,2,6.0,rigid
2213,741,753,column,2,6.0,rigid
2214,742,754,column,2,6.0,rigid
2215,743,755,column,2,6.0,rigid
2216,744,756,column,2,6.0,rigid
2217,745,757,column,2,6.0,rigid
2218,746,758,column,2,6.0,rigid
2219,747,759,column,2,6.0,rigid
2220,748,760,column,2,6.0,rigid
2221,749,761,column,2,6.0,rigid
2222,750,762,column,2,6.0,rigid
2223,751,763,column,2,6.0,rigid
2224,752,764,column,2,6.0,rigid
2225,753,765,column,2,6.0,rigid
2226,754,766,column,2,6.0,rigid
2227,755,767,column,2,6.0,rigid
2228,756,768,column,2,6.0,rigid
2229,757,769,column,2,6.0,rigid
2230,758,770,column,2,6.0,rigid
2231,759,771,column,2,6.0,rigid
2232,760,772,column,2,6.0,rigid
2233,761,773,column,2,6.0,rigid
2234,762,774,column,2,6.0,rigid
2235,763,775,column,2,6.0,rigid
2236,764,776,column,2,6.0,rigid
2237,765,777,column,2,6.0,rigid
2238,766,778,column,2,6.0,rigid
2239,767,779,column,2,6.0,rigid
2240,390,411,brace_xz,2,12.0416,rigid
2241,393,408,brace_xz,2,12.0416,rigid
2242,393,414,brace_xz,2,12.0416,rigid
2243,396,411,brace_xz,2,12.0416,rigid
2244,396,417,brace_xz,2,12.0416,rigid
2245,399,414,brace_xz,2,12.0416,rigid
2246,399,420,brace_xz,2,12.0416,rigid
2247,402,417,brace_xz,2,12.0416,rigid
2248,402,423,brace_xz,2,12.0416,rigid
2249,405,420,brace_xz,2,12.0416,rigid
2250,391,412,brace_xz,2,12.0416,rigid
2251,394,409,brace_xz,2,12.0416,rigid
2252,394,415,brace_xz,2,12.0416,rigid
2253,397,412,brace_xz,2,12.0416,rigid
2254,397,418,brace_xz,2,12.0416,rigid
2255,400,415,brace_xz,2,12.0416,rigid
2256,400,421,brace_xz,2,12.0416,rigid
2257,403,418,brace_xz,2,12.0416,rigid
2258,403,424,brace_xz,2,12.0416,rigid
2259,406,421,brace_xz,2,12.0416,rigid
2260,392,413,brace_xz,2,12.0416,rigid
2261,395,410,brace_xz,2,12.0416,rigid
2262,395,416,brace_xz,2,12.0416,rigid
2263,398,413,brace_xz,2,12.0416,rigid
2264,398,419,brace_xz,2,12.0416,rigid
2265,401,416,brace_xz,2,12.0416,rigid
2266,401,422,brace_xz,2,12.0416,rigid
2267,404,419,brace_xz,2,12.0416,rigid
2268,404,425,brace_xz,2,12.0416,rigid
2269,407,422,brace_xz,2,12.0416,rigid
2270,390,409,brace_yz,2,12.0416,rigid
2271,391,408,brace_yz,2,12.0416,rigid
2272,391,410,brace_yz,2,12.0416,rigid
2273,392,409,brace_yz,2,12.0416,rigid
2274,393,412,brace_yz,2,12.0416,rigid
2275,394,411,brace_yz,2,12.0416,rigid
2276,394,413,brace_yz,2,12.0416,rigid
2277,395,412,brace_yz,2,12.0416,rigid
2278,396,415,brace_yz,2,12.0416,rigid
2279,397,414,brace_yz,2,12.0416,rigid
2280,397,416,brace_yz,2,12.0416,rigid
2281,398,415,brace_yz,2,12.0416,rigid
2282,399,418,brace_yz,2,12.0416,rigid
2283,400,417,brace_yz,2,12.0416,rigid
2284,400,419,brace_yz,2,12.0416,rigid
2285,401,418,brace_yz,2,12.0416,rigid
2286,402,421,brace_yz,2,12.0416,rigid
2287,403,420,brace_yz,2,12.0416,rigid
2288,403,422,brace_yz,2,12.0416,rigid
2289,404,421,brace_yz,2,12.0416,rigid
2290,405,424,brace_yz,2,12.0416,rigid
2291,406,423,brace_yz,2,12.0416,rigid
2292,406,425,brace_yz,2,12.0416,rigid
2293,407,424,brace_yz,2,12.0416,rigid
2294,429,468,brace_xz,2,14.4222,rigid
2295,432,465,brace_xz,2,14.4222,rigid
2296,435,474,brace_xz,2,14.4222,rigid
2297,438,471,brace_xz,2,14.4222,rigid
2298,427,466,brace_xz,2,14.4222,rigid
2299,430,463,brace_xz,2,14.4222,rigid
2300,433,472,brace_xz,2,14.4222,rigid
2301,436,469,brace_xz,2,14.4222,rigid
2302,439,478,brace_xz,2,14.4222,rigid
2303,442,475,brace_xz,2,14.4222,rigid
2304,431,470,brace_xz,2,14.4222,rigid
2305,434,467,brace_xz,2,14.4222,rigid
2306,437,476,brace_xz,2,14.4222,rigid
2307,440,473,brace_xz,2,14.4222,rigid
2308,462,501,brace_xz,2,14.4222,rigid
2309,465,498,brace_xz,2,14.4222,rigid
2310,468,507,brace_xz,2,14.4222,rigid
2311,471,504,brace_xz,2,14.4222,rigid
2312,474,513,brace_xz,2,14.4222,rigid
2313,477,510,brace_xz,2,14.4222,rigid
2314,466,505,brace_xz,2,14.4222,rigid
2315,469,502,brace_xz,2,14.4222,rigid
2316,472,511,brace_xz,2,14.4222,rigid
2317,475,508,brace_xz,2,14.4222,rigid
2318,464,503,brace_xz,2,14.4222,rigid
2319,467,500,brace_xz,2,14.4222,rigid
2320,470,509,brace_xz,2,14.4222,rigid
2321,473,506,brace_xz,2,14.4222,rigid
2322,476,515,brace_xz,2,14.4222,rigid
2323,479,512,brace_xz,2,14.4222,rigid
2324,501,540,brace_xz,2,14.4222,rigid
2325,504,537,brace_xz,2,14.4222,rigid
2326,507,546,brace_xz,2,14.4222,rigid
2327,510,543,brace_xz,2,14.4222,rigid
2328,499,538,brace_xz,2,14.4222,rigid
2329,502,535,brace_xz,2,14.4222,rigid
2330,505,544,brace_xz,2,14.4222,rigid
2331,508,541,brace_xz,2,14.4222,rigid
2332,511,550,brace_xz,2,14.4222,rigid
2333,514,547,brace_xz,2,14.4222,rigid
2334,503,542,brace_xz,2,14.4222,rigid
2335,506,539,brace_xz,2,14.4222,rigid
2336,509,548,brace_xz,2,14.4222,rigid
2337,512,545,brace_xz,2,14.4222,rigid
2338,534,573,brace_xz,2,14.4222,rigid
2339,537,570,brace_xz,2,14.4222,rigid
2340,540,579,brace_xz,2,14.4222,rigid
2341,543,576,brace_xz,2,14.4222,rigid
2342,546,585,brace_xz,2,14.4222,rigid
2343,549,582,brace_xz,2,14.4222,rigid
2344,538,577,brace_xz,2,14.4222,rigid
2345,541,574,brace_xz,2,14.4222,rigid
2346,544,583,brace_xz,2,14.4222,rigid
2347,547,580,brace_xz,2,14.4222,rigid
2348,536,575,brace_xz,2,14.4222,rigid
2349,539,572,brace_xz,2,14.4222,rigid
2350,542,581,brace_xz,2,14.4222,rigid
2351,545,578,brace_xz,2,14.4222,rigid
2352,548,587,brace_xz,2,14.4222,rigid
2353,551,584,brace_xz,2,14.4222,rigid
2354,573,612,brace_xz,2,14.4222,rigid
2355,576,609,brace_xz,2,14.4222,rigid
2356,579,618,brace_xz,2,14.4222,rigid
2357,582,615,brace_xz,2,14.4222,rigid
2358,571,610,brace_xz,2,14.4222,rigid
2359,574,607,brace_xz,2,14.4222,rigid
2360,577,616,brace_xz,2,14.4222,rigid
2361,580,613,brace_xz,2,14.4222,rigid
2362,583,622,brace_xz,2,14.4222,rigid
2363,586,619,brace_xz,2,14.4222,rigid
2364,575,614,brace_xz,2,14.4222,rigid
2365,578,611,brace_xz,2,14.4222,rigid
2366,581,620,brace_xz,2,14.4222,rigid
2367,584,617,brace_xz,2,14.4222,rigid
2368,636,663,brace_xz,2,13.9943,rigid
2369,639,660,brace_xz,2,13.9943,rigid
2370,642,669,brace_xz,2,13.9943,rigid
2371,645,666,brace_xz,2,13.9943,rigid
2372,637,664,brace_xz,2,13.9943,rigid
2373,640,661,brace_xz,2,13.9943,rigid
2374,643,670,brace_xz,2,13.9943,rigid
2375,646,667,brace_xz,2,13.9943,rigid
2376,638,665,brace_xz,2,13.9943,rigid
2377,641,662,brace_xz,2,13.9943,rigid
2378,644,671,brace_xz,2,13.9943,rigid
2379,647,668,brace_xz,2,13.9943,rigid
2380,660,687,brace_xz,2,13.9943,rigid
2381,663,684,brace_xz,2,13.9943,rigid
2382,666,693,brace_xz,2,13.9943,rigid
2383,669,690,brace_xz,2,13.9943,rigid
2384,661,688,brace_xz,2,13.9943,rigid
2385,664,685,brace_xz,2,13.9943,rigid
2386,667,694,brace_xz,2,13.9943,rigid
2387,670,691,brace_xz,2,13.9943,rigid
2388,662,689,brace_xz,2,13.9943,rigid
2389,665,686,brace_xz,2,13.9943,rigid
2390,668,695,brace_xz,2,13.9943,rigid
2391,671,692,brace_xz,2,13.9943,rigid
2392,684,711,brace_xz,2,13.9943,rigid
2393,687,708,brace_xz,2,13.9943,rigid
2394,690,717,brace_xz,2,13.9943,rigid
2395,693,714,brace_xz,2,13.9943,rigid
2396,685,712,brace_xz,2,13.9943,rigid
2397,688,709,brace_xz,2,13.9943,rigid
2398,691,718,brace_xz,2,13.9943,rigid
2399,694,715,brace_xz,2,13.9943,rigid
2400,686,713,brace_xz,2,13.9943,rigid
2401,689,710,brace_xz,2,13.9943,rigid
2402,692,719,brace_xz,2,13.9943,rigid
2403,695,716,brace_xz,2,13.9943,rigid
2404,708,735,brace_xz,2,13.9943,rigid
2405,711,732,brace_xz,2,13.9943,rigid
2406,714,741,brace_xz,2,13.9943,rigid
2407,717,738,brace_xz,2,13.9943,rigid
2408,709,736,brace_xz,2,13.9943,rigid
2409,712,733,brace_xz,2,13.9943,rigid
2410,715,742,brace_xz,2,13.9943,rigid
2411,718,739,brace_xz,2,13.9943,rigid
2412,710,737,brace_xz,2,13.9943,rigid
2413,713,734,brace_xz,2,13.9943,rigid
2414,716,743,brace_xz,2,13.9943,rigid
2415,719,740,brace_xz,2,13.9943,rigid
2416,732,759,brace_xz,2,13.9943,rigid
2417,735,756,brace_xz,2,13.9943,rigid
2418,738,765,brace_xz,2,13.9943,rigid
2419,741,762,brace_xz,2,13.9943,rigid
2420,733,760,brace_xz,2,13.9943,rigid
2421,736,757,brace_xz,2,13.9943,rigid
2422,739,766,brace_xz,2,13.9943,rigid
2423,742,763,brace_xz,2,13.9943,rigid
2424,734,761,brace_xz,2,13.9943,rigid
2425,737,758,brace_xz,2,13.9943,rigid
2426,740,767,brace_xz,2,13.9943,rigid
2427,743,764,brace_xz,2,13.9943,rigid
2428,426,463,brace_yz,2,14.4222,rigid
2429,427,462,brace_yz,2,14.4222,rigid
2430,427,464,brace_yz,2,14.4222,rigid
2431,428,463,brace_yz,2,14.4222,rigid
2432,441,478,brace_yz,2,14.4222,rigid
2433,442,477,brace_yz,2,14.4222,rigid
2434,442,479,brace_yz,2,14.4222,rigid
2435,443,478,brace_yz,2,14.4222,rigid
2436,462,499,brace_yz,2,14.4222,rigid
2437,463,498,brace_yz,2,14.4222,rigid
2438,463,500,brace_yz,2,14.4222,rigid
2439,464,499,brace_yz,2,14.4222,rigid
2440,477,514,brace_yz,2,14.4222,rigid
2441,478,513,brace_yz,2,14.4222,rigid
2442,478,515,brace_yz,2,14.4222,rigid
2443,479,514,brace_yz,2,14.4222,rigid
2444,498,535,brace_yz,2,14.4222,rigid
2445,499,534,brace_yz,2,14.4222,rigid
2446,499,536,brace_yz,2,14.4222,rigid
2447,500,535,brace_yz,2,14.4222,rigid
2448,513,550,brace_yz,2,14.4222,rigid
2449,514,549,brace_yz,2,14.4222,rigid
2450,514,551,brace_yz,2,14.4222,rigid
2451,515,550,brace_yz,2,14.4222,rigid
2452,534,571,brace_yz,2,14.4222,rigid
2453,535,570,brace_yz,2,14.4222,rigid
2454,535,572,brace_yz,2,14.4222,rigid
2455,536,571,brace_yz,2,14.4222,rigid
2456,549,586,brace_yz,2,14.4222,rigid
2457,550,585,brace_yz,2,14.4222,rigid
2458,550,587,brace_yz,2,14.4222,rigid
2459,551,586,brace_yz,2,14.4222,rigid
2460,570,607,brace_yz,2,14.4222,rigid
2461,571,606,brace_yz,2,14.4222,rigid
2462,571,608,brace_yz,2,14.4222,rigid
2463,572,607,brace_yz,2,14.4222,rigid
2464,585,622,brace_yz,2,14.4222,rigid
2465,586,621,brace_yz,2,14.4222,rigid
2466,586,623,brace_yz,2,14.4222,rigid
2467,587,622,brace_yz,2,14.4222,rigid
2468,660,685,brace_yz,2,14.4222,rigid
2469,661,684,brace_yz,2,14.4222,rigid
2470,661,686,brace_yz,2,14.4222,rigid
2471,662,685,brace_yz,2,14.4222,rigid
2472,669,694,brace_yz,2,14.4222,rigid
2473,670,693,brace_yz,2,14.4222,rigid
2474,670,695,brace_yz,2,14.4222,rigid
2475,671,694,brace_yz,2,14.4222,rigid
2476,708,733,brace_yz,2,14.4222,rigid
2477,709,732,brace_yz,2,14.4222,rigid
2478,709,734,brace_yz,2,14.4222,rigid
2479,710,733,brace_yz,2,14.4222,rigid
2480,717,742,brace_yz,2,14.4222,rigid
2481,718,741,brace_yz,2,14.4222,rigid
2482,718,743,brace_yz,2,14.4222,rigid
2483,719,742,brace_yz,2,14.4222,rigid
2484,651,664,core_wall,2,10.0,rigid
2485,652,663,core_wall,2,10.0,rigid
2486,652,665,core_wall,2,10.0,rigid
2487,653,664,core_wall,2,10.0,rigid
2488,654,667,core_wall,2,10.0,rigid
2489,655,666,core_wall,2,10.0,rigid
2490,655,668,core_wall,2,10.0,rigid
2491,656,667,core_wall,2,10.0,rigid
2492,687,700,core_wall,2,10.0,rigid
2493,688,699,core_wall,2,10.0,rigid
2494,688,701,core_wall,2,10.0,rigid
2495,689,700,core_wall,2,10.0,rigid
2496,690,703,core_wall,2,10.0,rigid
2497,691,702,core_wall,2,10.0,rigid
2498,691,704,core_wall,2,10.0,rigid
2499,692,703,core_wall,2,10.0,rigid
2500,723,736,core_wall,2,10.0,rigid
2501,724,735,core_wall,2,10.0,rigid
2502,724,737,core_wall,2,10.0,rigid
2503,725,736,core_wall,2,10.0,rigid
2504,726,739,core_wall,2,10.0,rigid
2505,727,738,core_wall,2,10.0,rigid
2506,727,740,core_wall,2,10.0,rigid
2507,728,739,core_wall,2,10.0,rigid
2508,759,772,core_wall,2,10.0,rigid
2509,760,771,core_wall,2,10.0,rigid
2510,760,773,core_wall,2,10.0,rigid
2511,761,772,core_wall,2,10.0,rigid
2512,762,775,core_wall,2,10.0,rigid
2513,763,774,core_wall,2,10.0,rigid
2514,763,776,core_wall,2,10.0,rigid
2515,764,775,core_wall,2,10.0,rigid
2516,396,415,core_wall,2,12.0416,rigid
2517,397,414,core_wall,2,12.0416,rigid
2518,397,416,core_wall,2,12.0416,rigid
2519,398,415,core_wall,2,12.0416,rigid
2520,399,418,core_wall,2,12.0416,rigid
2521,400,417,core_wall,2,12.0416,rigid
2522,400,419,core_wall,2,12.0416,rigid
2523,401,418,core_wall,2,12.0416,rigid
2524,450,469,core_wall,2,10.0,rigid
2525,451,468,core_wall,2,10.0,rigid
2526,451,470,core_wall,2,10.0,rigid
2527,452,469,core_wall,2,10.0,rigid
2528,453,472,core_wall,2,10.0,rigid
2529,454,471,core_wall,2,10.0,rigid
2530,454,473,core_wall,2,10.0,rigid
2531,455,472,core_wall,2,10.0,rigid
2532,504,523,core_wall,2,10.0,rigid
2533,505,522,core_wall,2,10.0,rigid
2534,505,524,core_wall,2,10.0,rigid
2535,506,523,core_wall,2,10.0,rigid
2536,507,526,core_wall,2,10.0,rigid
2537,508,525,core_wall,2,10.0,rigid
2538,508,527,core_wall,2,10.0,rigid
2539,509,526,core_wall,2,10.0,rigid
2540,558,577,core_wall,2,10.0,rigid
2541,559,576,core_wall,2,10.0,rigid
2542,559,578,core_wall,2,10.0,rigid
2543,560,577,core_wall,2,10.0,rigid
2544,561,580,core_wall,2,10.0,rigid
2545,562,579,core_wall,2,10.0,rigid
2546,562,581,core_wall,2,10.0,rigid
2547,563,580,core_wall,2,10.0,rigid
2548,756,771,shear_wall_xz,2,9.3723,rigid
2549,759,768,shear_wall_xz,2,9.3723,rigid
2550,758,773,shear_wall_xz,2,9.3723,rigid
2551,761,770,shear_wall_xz,2,9.3723,rigid
2552,762,777,shear_wall_xz,2,9.3723,rigid
2553,765,774,shear_wall_xz,2,9.3723,rigid
2554,764,779,shear_wall_xz,2,9.3723,rigid
2555,767,776,shear_wall_xz,2,9.3723,rigid
2556,390,394,brace_floor,2,11.3137,rigid
2557,393,391,brace_floor,2,11.3137,rigid
2558,394,398,brace_floor,2,11.3137,rigid
2559,397,395,brace_floor,2,11.3137,rigid
2560,396,400,brace_floor,2,11.3137,rigid
2561,399,397,brace_floor,2,11.3137,rigid
2562,400,404,brace_floor,2,11.3137,rigid
2563,403,401,brace_floor,2,11.3137,rigid
2564,402,406,brace_floor,2,11.3137,rigid
2565,405,403,brace_floor,2,11.3137,rigid
2566,498,502,brace_floor,2,11.3137,rigid
2567,501,499,brace_floor,2,11.3137,rigid
2568,502,506,brace_floor,2,11.3137,rigid
2569,505,503,brace_floor,2,11.3137,rigid
2570,504,508,brace_floor,2,11.3137,rigid
2571,507,505,brace_floor,2,11.3137,rigid
2572,508,512,brace_floor,2,11.3137,rigid
2573,511,509,brace_floor,2,11.3137,rigid
2574,510,514,brace_floor,2,11.3137,rigid
2575,513,511,brace_floor,2,11.3137,rigid
2576,606,610,brace_floor,2,11.3137,rigid
2577,609,607,brace_floor,2,11.3137,rigid
2578,610,614,brace_floor,2,11.3137,rigid
2579,613,611,brace_floor,2,11.3137,rigid
2580,612,616,brace_floor,2,11.3137,rigid
2581,615,613,brace_floor,2,11.3137,rigid
2582,616,620,brace_floor,2,11.3137,rigid
2583,619,617,brace_floor,2,11.3137,rigid
2584,618,622,brace_floor,2,11.3137,rigid
2585,621,619,brace_floor,2,11.3137,rigid
2586,684,688,brace_floor,2,10.7629,rigid
2587,687,685,brace_floor,2,10.7629,rigid
2588,688,692,brace_floor,2,8.1584,rigid
2589,691,689,brace_floor,2,8.1584,rigid
2590,690,694,brace_floor,2,10.7629,rigid
2591,693,691,brace_floor,2,10.7629,rigid
2592,756,760,brace_floor,2,10.7629,rigid
2593,759,757,brace_floor,2,10.7629,rigid
2594,760,764,brace_floor,2,8.1584,rigid
2595,763,761,brace_floor,2,8.1584,rigid
2596,762,766,brace_floor,2,10.7629,rigid
2597,765,763,brace_floor,2,10.7629,rigid
2598,606,624,brace_space,2,13.4164,rigid
2599,606,625,brace_space,2,15.6205,rigid
2600,606,626,brace_space,2,20.8806,rigid
2601,607,624,brace_space,2,15.6205,rigid
2602,607,625,brace_space,2,13.4164,rigid
2603,607,626,brace_space,2,15.6205,rigid
2604,608,624,brace_space,2,20.8806,rigid
2605,608,625,brace_space,2,15.6205,rigid
2606,608,626,brace_space,2,13.4164,rigid
2607,621,633,brace_space,2,13.4164,rigid
2608,621,634,brace_space,2,15.6205,rigid
2609,621,635,brace_space,2,20.8806,rigid
2610,622,633,brace_space,2,15.6205,rigid
2611,622,634,brace_space,2,13.4164,rigid
2612,622,635,brace_space,2,15.6205,rigid
2613,623,633,brace_space,2,20.8806,rigid
2614,623,634,brace_space,2,15.6205,rigid
2615,623,635,brace_space,2,13.4164,rigid
2616,98,101,bridge_beam,bridge,8.0,pin
2617,486,489,bridge_beam,bridge,8.0,pin
2618,796,797,bridge_beam,bridge,8.0,rigid
2619,98,796,bridge_beam,bridge,4.0,pin
2620,796,486,bridge_beam,bridge,4.0,pin
2621,101,797,bridge_beam,bridge,4.0,pin
2622,797,489,bridge_beam,bridge,4.0,pin
2623,116,119,bridge_beam,bridge,8.0,pin
2624,504,507,bridge_beam,bridge,8.0,pin
2625,798,799,bridge_beam,bridge,8.0,rigid
2626,116,798,bridge_beam,bridge,4.0,pin
2627,798,504,bridge_beam,bridge,4.0,pin
2628,119,799,bridge_beam,bridge,4.0,pin
2629,799,507,bridge_beam,bridge,4.0,pin
2630,98,116,bridge_column,bridge,6.0,pin
2631,101,119,bridge_column,bridge,6.0,pin
2632,486,504,bridge_column,bridge,6.0,pin
2633,489,507,bridge_column,bridge,6.0,pin
2634,796,798,bridge_column,bridge,6.0,rigid
2635,797,799,bridge_column,bridge,6.0,rigid
2636,98,797,bridge_brace_bot,bridge,8.9443,pin
2637,101,796,bridge_brace_bot,bridge,8.9443,pin
2638,796,489,bridge_brace_bot,bridge,8.9443,pin
2639,797,486,bridge_brace_bot,bridge,8.9443,pin
2640,116,799,bridge_brace_top,bridge,8.9443,pin
2641,119,798,bridge_brace_top,bridge,8.9443,pin
2642,798,507,bridge_brace_top,bridge,8.9443,pin
2643,799,504,bridge_brace_top,bridge,8.9443,pin
2644,98,798,bridge_truss_side,bridge,7.2111,pin
2645,116,796,bridge_truss_side,bridge,7.2111,pin
2646,796,504,bridge_truss_side,bridge,7.2111,pin
2647,798,486,bridge_truss_side,bridge,7.2111,pin
2648,101,799,bridge_truss_side,bridge,7.2111,pin
2649,119,797,bridge_truss_side,bridge,7.2111,pin
2650,797,507,bridge_truss_side,bridge,7.2111,pin
2651,799,489,bridge_truss_side,bridge,7.2111,pin
2652,98,119,bridge_brace_face,bridge,10.0,pin
2653,101,116,bridge_brace_face,bridge,10.0,pin
2654,486,507,bridge_brace_face,bridge,10.0,pin
2655,489,504,bridge_brace_face,bridge,10.0,pin
2656,98,798,bridge_shear_yz,bridge,7.2111,rigid
2657,116,796,bridge_shear_yz,bridge,7.2111,rigid
2658,796,504,bridge_shear_yz,bridge,7.2111,rigid
2659,798,486,bridge_shear_yz,bridge,7.2111,rigid
2660,101,799,bridge_shear_yz,bridge,7.2111,rigid
2661,119,797,bridge_shear_yz,bridge,7.2111,rigid
2662,797,507,bridge_shear_yz,bridge,7.2111,rigid
2663,799,489,bridge_shear_yz,bridge,7.2111,rigid
2664,206,209,bridge_beam,bridge,8.0,pin
2665,594,597,bridge_beam,bridge,8.0,pin
2666,800,801,bridge_beam,bridge,8.0,rigid
2667,206,800,bridge_beam,bridge,4.0,pin
2668,800,594,bridge_beam,bridge,4.0,pin
2669,209,801,bridge_beam,bridge,4.0,pin
2670,801,597,bridge_beam,bridge,4.0,pin
2671,224,227,bridge_beam,bridge,8.0,pin
2672,612,615,bridge_beam,bridge,8.0,pin
2673,802,803,bridge_beam,bridge,8.0,rigid
2674,224,802,bridge_beam,bridge,4.0,pin
2675,802,612,bridge_beam,bridge,4.0,pin
2676,227,803,bridge_beam,bridge,4.0,pin
2677,803,615,bridge_beam,bridge,4.0,pin
2678,206,224,bridge_column,bridge,6.0,pin
2679,209,227,bridge_column,bridge,6.0,pin
2680,594,612,bridge_column,bridge,6.0,pin
2681,597,615,bridge_column,bridge,6.0,pin
2682,800,802,bridge_column,bridge,6.0,rigid
2683,801,803,bridge_column,bridge,6.0,rigid
2684,206,801,bridge_brace_bot,bridge,8.9443,pin
2685,209,800,bridge_brace_bot,bridge,8.9443,pin
2686,800,597,bridge_brace_bot,bridge,8.9443,pin
2687,801,594,bridge_brace_bot,bridge,8.9443,pin
2688,224,803,bridge_brace_top,bridge,8.9443,pin
2689,227,802,bridge_brace_top,bridge,8.9443,pin
2690,802,615,bridge_brace_top,bridge,8.9443,pin
2691,803,612,bridge_brace_top,bridge,8.9443,pin
2692,206,802,bridge_truss_side,bridge,7.2111,pin
2693,224,800,bridge_truss_side,bridge,7.2111,pin
2694,800,612,bridge_truss_side,bridge,7.2111,pin
2695,802,594,bridge_truss_side,bridge,7.2111,pin
2696,209,803,bridge_truss_side,bridge,7.2111,pin
2697,227,801,bridge_truss_side,bridge,7.2111,pin
2698,801,615,bridge_truss_side,bridge,7.2111,pin
2699,803,597,bridge_truss_side,bridge,7.2111,pin
2700,206,227,bridge_brace_face,bridge,10.0,pin
2701,209,224,bridge_brace_face,bridge,10.0,pin
2702,594,615,bridge_brace_face,bridge,10.0,pin
2703,597,612,bridge_brace_face,bridge,10.0,pin
2704,206,802,bridge_shear_yz,bridge,7.2111,rigid
2705,224,800,bridge_shear_yz,bridge,7.2111,rigid
2706,800,612,bridge_shear_yz,bridge,7.2111,rigid
2707,802,594,bridge_shear_yz,bridge,7.2111,rigid
2708,209,803,bridge_shear_yz,bridge,7.2111,rigid
2709,227,801,bridge_shear_yz,bridge,7.2111,rigid
2710,801,615,bridge_shear_yz,bridge,7.2111,rigid
2711,803,597,bridge_shear_yz,bridge,7.2111,rigid
2712,780,781,bridge_beam,bridge,8.0,pin
2713,782,783,bridge_beam,bridge,8.0,pin
2714,804,805,bridge_beam,bridge,8.0,rigid
2715,780,804,bridge_beam,bridge,4.0,pin
2716,804,782,bridge_beam,bridge,4.0,pin
2717,781,805,bridge_beam,bridge,4.0,pin
2718,805,783,bridge_beam,bridge,4.0,pin
2719,784,785,bridge_beam,bridge,8.0,pin
2720,786,787,bridge_beam,bridge,8.0,pin
2721,806,807,bridge_beam,bridge,8.0,rigid
2722,784,806,bridge_beam,bridge,4.0,pin
2723,806,786,bridge_beam,bridge,4.0,pin
2724,785,807,bridge_beam,bridge,4.0,pin
2725,807,787,bridge_beam,bridge,4.0,pin
2726,780,784,bridge_column,bridge,6.0,pin
2727,781,785,bridge_column,bridge,6.0,pin
2728,782,786,bridge_column,bridge,6.0,pin
2729,783,787,bridge_column,bridge,6.0,pin
2730,804,806,bridge_column,bridge,6.0,rigid
2731,805,807,bridge_column,bridge,6.0,rigid
2732,780,805,bridge_brace_bot,bridge,8.9443,pin
2733,781,804,bridge_brace_bot,bridge,8.9443,pin
2734,804,783,bridge_brace_bot,bridge,8.9443,pin
2735,805,782,bridge_brace_bot,bridge,8.9443,pin
2736,784,807,bridge_brace_top,bridge,8.9443,pin
2737,785,806,bridge_brace_top,bridge,8.9443,pin
2738,806,787,bridge_brace_top,bridge,8.9443,pin
2739,807,786,bridge_brace_top,bridge,8.9443,pin
2740,780,806,bridge_truss_side,bridge,7.2111,pin
2741,784,804,bridge_truss_side,bridge,7.2111,pin
2742,804,786,bridge_truss_side,bridge,7.2111,pin
2743,806,782,bridge_truss_side,bridge,7.2111,pin
2744,781,807,bridge_truss_side,bridge,7.2111,pin
2745,785,805,bridge_truss_side,bridge,7.2111,pin
2746,805,787,bridge_truss_side,bridge,7.2111,pin
2747,807,783,bridge_truss_side,bridge,7.2111,pin
2748,780,785,bridge_brace_face,bridge,10.0,pin
2749,781,784,bridge_brace_face,bridge,10.0,pin
2750,782,787,bridge_brace_face,bridge,10.0,pin
2751,783,786,bridge_brace_face,bridge,10.0,pin
2752,780,806,bridge_shear_yz,bridge,7.2111,rigid
2753,784,804,bridge_shear_yz,bridge,7.2111,rigid
2754,804,786,bridge_shear_yz,bridge,7.2111,rigid
2755,806,782,bridge_shear_yz,bridge,7.2111,rigid
2756,781,807,bridge_shear_yz,bridge,7.2111,rigid
2757,785,805,bridge_shear_yz,bridge,7.2111,rigid
2758,805,787,bridge_shear_yz,bridge,7.2111,rigid
2759,807,783,bridge_shear_yz,bridge,7.2111,rigid
2760,792,793,bridge_beam,bridge,8.0,pin
2761,794,795,bridge_beam,bridge,8.0,pin
2762,808,809,bridge_beam,bridge,8.0,rigid
2763,792,808,bridge_beam,bridge,4.0,pin
2764,808,794,bridge_beam,bridge,4.0,pin
2765,793,809,bridge_beam,bridge,4.0,pin
2766,809,795,bridge_beam,bridge,4.0,pin
2767,788,789,bridge_beam,bridge,8.0,pin
2768,790,791,bridge_beam,bridge,8.0,pin
2769,810,811,bridge_beam,bridge,8.0,rigid
2770,788,810,bridge_beam,bridge,4.0,pin
2771,810,790,bridge_beam,bridge,4.0,pin
2772,789,811,bridge_beam,bridge,4.0,pin
2773,811,791,bridge_beam,bridge,4.0,pin
2774,792,788,bridge_column,bridge,12.0,pin
2775,793,789,bridge_column,bridge,12.0,pin
2776,794,790,bridge_column,bridge,12.0,pin
2777,795,791,bridge_column,bridge,12.0,pin
2778,808,810,bridge_column,bridge,12.0,rigid
2779,809,811,bridge_column,bridge,12.0,rigid
2780,792,809,bridge_brace_bot,bridge,8.9443,pin
2781,793,808,bridge_brace_bot,bridge,8.9443,pin
2782,808,795,bridge_brace_bot,bridge,8.9443,pin
2783,809,794,bridge_brace_bot,bridge,8.9443,pin
2784,788,811,bridge_brace_top,bridge,8.9443,pin
2785,789,810,bridge_brace_top,bridge,8.9443,pin
2786,810,791,bridge_brace_top,bridge,8.9443,pin
2787,811,790,bridge_brace_top,bridge,8.9443,pin
2788,792,810,bridge_truss_side,bridge,12.6491,pin
2789,788,808,bridge_truss_side,bridge,12.6491,pin
2790,808,790,bridge_truss_side,bridge,12.6491,pin
2791,810,794,bridge_truss_side,bridge,12.6491,pin
2792,793,811,bridge_truss_side,bridge,12.6491,pin
2793,789,809,bridge_truss_side,bridge,12.6491,pin
2794,809,791,bridge_truss_side,bridge,12.6491,pin
2795,811,795,bridge_truss_side,bridge,12.6491,pin
2796,792,789,bridge_brace_face,bridge,14.4222,pin
2797,793,788,bridge_brace_face,bridge,14.4222,pin
2798,794,791,bridge_brace_face,bridge,14.4222,pin
2799,795,790,bridge_brace_face,bridge,14.4222,pin
2800,792,810,bridge_shear_yz,bridge,12.6491,rigid
2801,788,808,bridge_shear_yz,bridge,12.6491,rigid
2802,808,790,bridge_shear_yz,bridge,12.6491,rigid
2803,810,794,bridge_shear_yz,bridge,12.6491,rigid
2804,793,811,bridge_shear_yz,bridge,12.6491,rigid
2805,789,809,bridge_shear_yz,bridge,12.6491,rigid
2806,809,791,bridge_shear_yz,bridge,12.6491,rigid
2807,811,795,bridge_shear_yz,bridge,12.6491,rigid
